arm,regime,seed,onv,delivered,hit_rate,tard_mean,tard_p95,energy_per_task,stranded,frozen,collisions
fifo,wave,1,951.6,33,0.8395,159.23,410,,0,0,0
fifo,wave,2,635.0,23,0.8793,82.43,197,,0,0,0
fifo,wave,8,555.7,32,0.7679,201.38,248,,0,0,0
fifo,wave,5,616.3,34,0.8333,260.36,321,,0,0,0
fifo,wave,3,809.5,28,0.9104,152.5,199,,0,0,0
fifo,wave,4,857.4,32,0.85,117.92,364,,0,0,0
fifo,wave,7,709.7,25,0.6721,82.9,150,,0,0,0
fifo,wave,6,563.0,29,0.6711,99.04,291,,0,0,0
fifo,wave,9,960.9,36,0.7722,151.89,353,,0,0,0
fifo,wave,10,670.6,27,0.8947,28.0,50,,0,0,0
fifo,wave,12,941.9,23,0.8387,117.4,257,,0,0,0
fifo,wave,11,549.6,17,0.8444,60.29,93,,0,0,0
fifo,wave,13,912.5,24,0.7045,113.5,188,,0,0,0
fifo,wave,15,1006.2,37,0.8395,269.31,394,,0,0,0
fifo,wave,14,934.9,32,0.716,63.52,151,,0,0,0
fifo,wave,16,724.1,30,0.7143,92.21,206,,0,0,0
fifo,wave,17,885.2,26,0.7439,118.9,245,,0,0,0
fifo,wave,18,728.6,31,0.7671,125.35,395,,0,0,0
fifo,wave,19,690.6,31,0.6053,74.57,143,,0,0,0
fifo,wave,20,797.5,17,0.6757,135.92,277,,0,0,0
fifo,wave,23,814.1,26,0.8,121.23,305,,0,0,0
fifo,wave,22,1279.1,30,0.7444,130.96,342,,0,0,0
fifo,wave,21,1061.6,32,0.6322,78.78,246,,0,0,0
fifo,wave,24,848.5,37,0.8824,168.1,318,,0,0,0
fifo,wave,25,450.3,31,0.5455,84.33,202,,0,0,0
fifo,wave,26,456.4,16,0.68,115.44,269,,0,0,0
fifo,wave,28,556.2,29,0.6118,117.67,260,,0,0,0
fifo,wave,27,663.4,27,0.6364,111.21,269,,0,1,0
fifo,wave,30,905.9,28,0.8395,83.54,138,,0,0,0
fifo,wave,29,1033.5,27,0.8,78.87,131,,0,0,0
fifo,wave,31,946.1,30,0.8182,103.86,287,,0,0,0
fifo,wave,32,640.0,22,0.6667,85.8,143,,0,0,0
fifo,wave,33,977.4,30,0.7444,64.78,117,,0,0,0
fifo,wave,35,864.3,20,0.7349,120.41,339,,0,0,0
fifo,wave,36,791.2,29,0.7089,104.43,224,,0,0,0
fifo,wave,34,590.3,15,0.8571,60.67,55,,0,0,0
fifo,wave,37,690.3,26,0.7024,99.24,212,,0,0,0
fifo,wave,39,768.8,36,0.686,68.67,176,,0,0,0
fifo,wave,40,1173.7,31,0.7778,133.9,416,,0,0,0
fifo,wave,38,1068.5,31,0.8077,89.8,267,,0,0,0
fifo,wave,41,743.3,13,0.7544,171.36,373,,0,0,0
fifo,wave,42,920.2,19,0.6364,121.14,300,,0,0,0
fifo,wave,43,1320.4,33,0.8316,106.0,321,,0,0,0
fifo,wave,44,746.2,30,0.6279,103.69,277,,0,0,0
fifo,wave,45,867.6,30,0.8222,89.44,305,,0,0,0
fifo,wave,46,1041.4,34,0.8434,132.46,316,,0,0,0
fifo,wave,47,1102.6,38,0.8211,129.18,364,,0,0,0
fifo,wave,48,484.7,27,0.5714,104.03,172,,0,0,0
fifo,wave,49,815.3,29,0.6915,114.76,278,,0,0,0
fifo,wave,50,866.0,25,0.7561,103.55,309,,0,0,0
fifo,wave,51,964.9,30,0.8353,73.71,110,,0,0,0
fifo,wave,54,1498.6,35,0.8901,194.6,375,,0,0,0
fifo,wave,52,1177.3,33,0.9,285.33,364,,0,0,0
fifo,wave,53,941.9,21,0.7632,107.56,289,,0,0,0
fifo,wave,56,811.2,25,0.7692,107.27,283,,0,0,0
fifo,wave,55,790.1,30,0.7,109.25,265,,0,0,0
fifo,wave,57,875.0,30,0.7654,68.0,282,,0,0,0
fifo,wave,58,771.3,25,0.8182,67.5,132,,0,0,0
fifo,wave,59,644.6,24,0.7027,133.23,319,,0,0,0
fifo,wave,60,1260.4,36,0.9211,91.83,132,,0,0,0
fifo,wave,62,833.4,31,0.8136,231.0,386,,0,0,0
fifo,wave,61,635.3,32,0.6447,76.19,177,,0,0,0
fifo,wave,63,775.3,30,0.7424,86.82,235,,0,0,0
fifo,wave,64,803.1,25,0.8551,116.0,215,,0,0,0
fifo,wave,65,498.3,24,0.6818,104.76,261,,0,0,0
fifo,wave,66,531.2,21,0.7101,105.9,220,,0,0,0
fifo,wave,67,945.0,31,0.8286,202.58,358,,0,0,0
fifo,wave,70,539.1,23,0.5606,116.97,232,,0,0,0
fifo,wave,69,824.9,34,0.8873,173.25,261,,0,0,0
fifo,wave,68,1007.8,32,0.7733,96.0,303,,0,0,0
fifo,wave,71,769.9,28,0.8194,139.15,313,,0,0,0
fifo,wave,72,884.2,32,0.859,168.0,429,,0,0,0
fifo,wave,73,862.5,34,0.7534,173.28,383,,0,0,0
fifo,wave,74,713.9,27,0.8382,121.55,267,,0,0,0
fifo,wave,75,576.5,30,0.8065,157.0,296,,0,0,0
fifo,wave,76,637.7,38,0.7846,226.79,377,,0,0,0
fifo,wave,78,661.4,30,0.873,196.12,293,,0,0,0
fifo,wave,77,736.0,28,0.7344,133.71,373,,0,0,0
fifo,wave,79,719.8,37,0.8108,171.71,320,,0,0,0
fifo,wave,80,661.5,24,0.8679,225.57,300,,0,0,0
fifo,wave,81,784.1,31,0.8413,74.3,154,,0,0,0
fifo,wave,83,903.7,26,0.8909,208.33,261,,0,0,0
fifo,wave,84,479.4,23,0.75,96.73,170,,0,0,0
fifo,wave,85,1026.2,28,0.8667,114.88,218,,0,0,0
fifo,wave,82,707.9,28,0.8438,180.9,337,,0,0,0
fifo,wave,86,475.6,29,0.8704,177.43,218,,0,0,0
fifo,wave,87,478.5,19,0.7692,24.11,45,,0,0,0
fifo,wave,88,987.4,27,0.8367,83.5,149,,0,2,0
fifo,wave,90,711.6,28,0.8824,97.33,164,,0,0,0
fifo,wave,94,728.8,27,0.9273,161.75,247,,0,0,0
fifo,wave,92,524.2,24,0.9268,169.0,167,,0,0,0
fifo,wave,91,461.1,27,0.8837,180.6,220,,0,0,0
fifo,wave,93,496.4,22,0.8378,235.17,378,,0,0,0
fifo,wave,89,541.7,12,0.7,212.67,423,,0,0,0
fifo,wave,95,495.7,24,0.8864,201.8,222,,0,0,0
fifo,wave,96,365.5,20,0.7941,74.86,155,,0,0,0
fifo,wave,97,308.4,17,0.75,67.0,106,,0,0,0
fifo,wave,98,467.1,17,0.8974,80.5,45,,0,0,0
fifo,wave,99,439.8,18,0.8421,70.33,110,,0,0,0
fifo,wave,101,537.6,19,0.8649,140.4,175,,0,0,0
fifo,wave,102,648.3,26,0.9111,123.75,119,,0,0,0
fifo,wave,100,290.9,16,0.8462,93.25,104,,0,0,0
fifo,wave,103,301.2,22,0.8387,155.8,206,,0,0,0
fifo,wave,104,230.0,18,0.9167,116.5,105,,0,0,0
fifo,wave,105,364.7,18,0.9355,57.5,42,,0,0,0
fifo,wave,108,232.9,17,0.8571,48.0,49,,0,0,0
fifo,wave,106,644.7,27,0.8605,132.33,299,,0,0,0
fifo,wave,107,442.1,20,0.9189,99.33,26,,0,0,0
fifo,wave,109,349.2,19,0.9286,78.0,41,,0,0,0
fifo,wave,110,247.0,20,0.8966,11.33,5,,0,0,0
fifo,wave,112,109.2,10,0.9,33.5,14,,0,0,0
fifo,wave,111,410.8,16,0.9333,129.0,129,,0,0,0
fifo,wave,113,394.2,15,0.931,38.5,33,,0,0,0
fifo,wave,117,260.8,9,0.8462,49.5,9,,0,0,0
fifo,wave,116,145.5,5,1.0,0.0,0,,0,0,0
fifo,wave,115,577.2,14,0.9,80.5,31,,0,0,0
fifo,wave,118,177.9,9,0.9333,19.0,19,,0,0,0
fifo,wave,114,96.7,13,0.8182,35.25,40,,0,0,0
fifo,wave,119,138.2,11,0.9231,64.0,64,,0,0,0
fifo,wave,120,366.2,13,1.0,0.0,0,,0,0,0
fifo,wave,122,505.3,19,0.9231,23.5,1,,0,0,0
fifo,wave,121,436.3,15,0.8947,25.0,4,,0,0,0
fifo,wave,124,232.5,12,0.9286,26.0,26,,0,0,0
fifo,wave,127,155.8,9,0.8824,50.0,19,,0,0,0
fifo,wave,128,315.0,11,0.9545,18.0,18,,0,0,0
fifo,wave,123,313.9,18,0.9333,125.0,115,,0,0,0
fifo,wave,125,351.2,17,0.9091,96.5,48,,0,0,0
fifo,wave,126,424.9,23,0.814,81.0,117,,0,0,0
fifo,wave,129,472.2,17,0.9189,62.67,9,,0,0,0
fifo,wave,130,746.7,17,0.9512,81.5,2,,0,0,0
fifo,wave,133,279.8,14,0.8947,31.5,29,,0,0,0
fifo,wave,134,307.1,16,0.9259,50.0,16,,0,0,0
fifo,wave,132,333.3,20,0.931,169.0,131,,0,0,0
fifo,wave,135,455.2,24,0.9143,143.67,195,,0,0,0
fifo,wave,131,166.2,9,1.0,0.0,0,,0,0,0
fifo,wave,136,352.4,17,0.931,113.0,109,,0,0,0
fifo,wave,137,388.7,19,0.8182,61.33,124,,0,0,0
fifo,wave,139,277.3,12,0.8696,47.0,67,,0,0,0
fifo,wave,138,334.7,19,0.8788,97.0,96,,0,0,0
fifo,wave,140,282.4,15,0.9333,398.5,373,,0,1,0
fifo,wave,144,285.5,18,0.8571,77.5,86,,0,0,0
fifo,wave,142,543.5,24,0.907,157.0,181,,0,0,0
fifo,wave,143,497.6,21,0.9,136.25,141,,0,0,0
fifo,wave,141,512.4,28,0.8571,107.33,198,,0,0,0
fifo,stream,1,342.0,28,0.7368,51.8,85,,0,0,0
fifo,stream,2,433.4,40,0.5455,49.04,99,,0,0,0
fifo,stream,3,646.6,34,0.6842,57.33,105,,0,0,0
fifo,stream,4,473.6,20,0.9412,14.5,4,,0,0,0
fifo,stream,6,414.5,29,0.5952,51.47,115,,0,0,0
fifo,stream,5,516.6,21,0.7419,48.5,78,,0,0,0
fifo,stream,7,368.0,36,0.549,44.74,102,,0,0,0
fifo,stream,8,240.3,19,0.6562,56.36,111,,0,0,0
fifo,stream,9,770.8,37,0.6863,47.38,107,,0,0,0
fifo,stream,11,560.1,40,0.7143,58.67,123,,0,0,0
fifo,stream,10,467.0,31,0.5645,63.59,109,,0,0,0
fifo,stream,12,395.9,31,0.3651,79.0,165,,0,0,0
fifo,stream,14,673.3,36,0.5938,55.12,148,,0,0,0
fifo,stream,13,623.5,40,0.7049,47.0,76,,0,0,0
fifo,stream,15,674.9,33,0.7885,34.45,72,,0,1,0
fifo,stream,16,369.4,40,0.5493,59.12,139,,0,0,0
fifo,stream,17,598.8,43,0.662,65.71,157,,0,0,0
fifo,stream,18,561.7,36,0.3867,92.04,195,,0,0,0
fifo,stream,19,543.4,36,0.5139,73.29,174,,0,0,0
fifo,stream,20,352.9,36,0.377,118.18,241,,0,0,0
fifo,stream,23,512.7,35,0.2949,94.42,198,,0,0,0
fifo,stream,21,358.9,27,0.4667,89.06,167,,0,0,0
fifo,stream,22,501.1,38,0.6094,48.96,122,,0,1,0
fifo,stream,24,476.3,38,0.5082,52.73,153,,0,0,0
fifo,stream,25,404.8,31,0.4107,71.06,227,,0,0,0
fifo,stream,27,303.6,37,0.4306,75.12,181,,0,0,0
fifo,stream,26,229.8,32,0.3684,154.31,323,,0,0,0
fifo,stream,28,201.9,34,0.4394,84.54,170,,0,0,0
fifo,stream,30,456.1,35,0.5294,52.88,134,,0,0,0
fifo,stream,29,498.3,36,0.3467,95.35,188,,0,0,0
fifo,stream,31,429.6,35,0.5616,102.72,182,,0,0,0
fifo,stream,32,424.9,33,0.5797,55.14,142,,0,0,0
fifo,stream,34,496.9,33,0.4478,70.81,174,,0,0,0
fifo,stream,33,745.8,39,0.4444,64.88,159,,0,0,0
fifo,stream,35,576.2,37,0.5758,66.79,163,,0,0,0
fifo,stream,36,666.4,40,0.6087,55.56,106,,0,0,0
fifo,stream,38,577.1,29,0.4127,58.35,138,,0,0,0
fifo,stream,37,294.9,27,0.5,98.77,177,,0,0,0
fifo,stream,39,424.7,36,0.425,101.43,191,,0,0,0
fifo,stream,40,578.6,37,0.5769,68.09,151,,0,0,0
fifo,stream,41,449.1,34,0.3582,102.47,237,,0,0,0
fifo,stream,42,359.8,37,0.4634,72.36,144,,0,0,0
fifo,stream,44,186.6,21,0.475,135.14,346,,0,0,0
fifo,stream,43,541.5,38,0.4932,64.14,152,,0,0,0
fifo,stream,46,472.2,33,0.4605,96.83,212,,0,1,0
fifo,stream,45,534.2,42,0.5143,85.41,183,,0,0,0
fifo,stream,47,286.9,30,0.4912,153.45,246,,0,0,0
fifo,stream,48,198.8,27,0.3929,150.21,265,,0,0,0
fifo,stream,49,774.1,48,0.7176,57.33,119,,0,0,0
fifo,stream,50,314.7,24,0.4182,97.16,220,,0,0,0
fifo,stream,51,402.7,41,0.4328,93.16,186,,0,0,0
fifo,stream,52,333.7,29,0.3137,101.94,199,,0,0,0
fifo,stream,53,760.7,32,0.3562,83.51,190,,0,0,0
fifo,stream,54,541.8,40,0.3951,84.78,174,,0,0,0
fifo,stream,55,189.5,37,0.2969,78.09,160,,0,0,0
fifo,stream,56,265.9,32,0.2881,93.67,188,,0,0,0
fifo,stream,57,360.5,34,0.4512,65.24,148,,0,0,0
fifo,stream,58,660.3,36,0.6774,57.15,124,,0,0,0
fifo,stream,59,985.2,42,0.7439,41.33,91,,0,0,0
fifo,stream,60,295.1,37,0.4375,78.31,183,,0,0,0
fifo,stream,62,425.7,40,0.6034,60.65,126,,0,0,0
fifo,stream,61,559.5,40,0.5,62.29,130,,0,0,0
fifo,stream,64,210.9,32,0.375,94.53,172,,0,0,0
fifo,stream,63,107.7,18,0.3571,144.5,273,,0,0,0
fifo,stream,65,247.8,40,0.4058,80.27,200,,0,0,0
fifo,stream,66,475.9,26,0.5962,65.71,146,,0,1,0
fifo,stream,67,337.8,34,0.5161,70.4,172,,0,0,0
fifo,stream,68,518.9,43,0.5593,51.73,92,,0,0,0
fifo,stream,69,305.7,41,0.5254,57.36,112,,0,0,0
fifo,stream,70,263.5,37,0.3455,72.97,143,,0,0,0
fifo,stream,72,563.7,35,0.8214,31.4,50,,0,0,0
fifo,stream,71,329.7,41,0.4677,60.39,147,,0,0,0
fifo,stream,73,504.6,34,0.8,32.4,37,,0,0,0
fifo,stream,74,506.5,37,0.6415,47.37,100,,0,0,0
fifo,stream,75,384.7,41,0.5,48.09,125,,0,0,0
fifo,stream,76,526.5,41,0.7241,42.06,144,,0,0,0
fifo,stream,78,597.7,30,0.9,39.0,27,,0,0,0
fifo,stream,77,406.2,33,0.6364,52.7,107,,0,0,0
fifo,stream,80,300.1,28,0.7027,11.45,23,,0,0,0
fifo,stream,79,381.2,32,0.5686,72.05,156,,0,0,0
fifo,stream,81,388.2,32,0.6531,71.82,138,,0,0,0
fifo,stream,82,412.0,31,0.8293,24.86,36,,0,0,0
fifo,stream,83,371.0,29,0.8293,43.43,55,,0,0,0
fifo,stream,84,675.0,32,0.7556,50.0,94,,0,0,0
fifo,stream,85,536.4,31,0.7083,27.36,62,,0,0,0
fifo,stream,86,383.4,22,0.7308,29.0,42,,0,0,0
fifo,stream,87,390.0,41,0.6441,66.29,124,,0,0,0
fifo,stream,88,455.7,28,0.7436,31.2,50,,0,1,0
fifo,stream,90,278.3,24,0.8,7.4,9,,0,0,0
fifo,stream,89,109.2,29,0.2979,135.18,230,,0,0,0
fifo,stream,91,242.6,15,0.8182,24.5,28,,0,0,0
fifo,stream,92,291.6,28,0.8182,36.83,66,,0,0,0
fifo,stream,93,233.0,21,0.84,27.5,32,,0,0,0
fifo,stream,94,373.2,28,0.8421,47.17,51,,0,0,0
fifo,stream,96,381.3,21,0.9333,22.5,16,,0,0,0
fifo,stream,95,472.2,31,0.7292,45.46,76,,0,0,0
fifo,stream,98,199.5,15,0.875,24.0,18,,0,0,0
fifo,stream,97,137.5,15,0.7778,13.0,15,,0,0,0
fifo,stream,100,406.7,23,0.7333,15.88,23,,0,0,0
fifo,stream,101,253.4,16,0.85,60.0,83,,0,0,0
fifo,stream,99,492.5,14,0.76,66.17,137,,0,0,0
fifo,stream,102,179.0,19,0.72,59.86,82,,0,0,0
fifo,stream,104,181.0,13,0.9333,2.0,2,,0,0,0
fifo,stream,103,342.9,27,0.4865,61.0,118,,0,0,0
fifo,stream,106,226.0,22,0.6923,139.5,245,,0,0,0
fifo,stream,105,211.2,11,0.9167,40.0,40,,0,1,0
fifo,stream,107,387.2,15,0.7895,23.75,7,,0,0,0
fifo,stream,108,227.0,15,0.8571,54.33,41,,0,0,0
fifo,stream,110,199.5,16,0.7273,80.0,142,,0,0,0
fifo,stream,109,132.3,17,0.7619,30.2,35,,0,0,0
fifo,stream,112,114.3,9,0.8889,6.0,6,,0,0,0
fifo,stream,111,352.4,23,0.931,40.0,26,,0,0,0
fifo,stream,114,185.0,11,1.0,0.0,0,,0,0,0
fifo,stream,117,111.0,9,0.8889,14.0,14,,0,0,0
fifo,stream,113,328.5,23,0.8621,32.75,45,,0,0,0
fifo,stream,118,109.6,7,0.6364,69.75,48,,0,0,0
fifo,stream,115,189.7,19,0.7143,22.17,32,,0,0,0
fifo,stream,116,124.7,15,0.875,26.5,26,,0,0,0
fifo,stream,119,207.5,15,0.8667,3.5,1,,0,0,0
fifo,stream,120,168.1,18,0.7619,22.2,30,,0,0,0
fifo,stream,124,112.8,11,1.0,0.0,0,,0,0,0
fifo,stream,125,242.3,17,0.85,69.0,73,,0,2,0
fifo,stream,123,5.9,3,0.6667,10.0,10,,0,1,0
fifo,stream,122,193.9,17,0.65,103.43,224,,0,0,0
fifo,stream,121,380.1,16,0.9,22.5,15,,0,0,0
fifo,stream,127,153.4,9,0.6667,175.67,230,,0,0,0
fifo,stream,126,264.4,15,0.8696,15.33,14,,0,0,0
fifo,stream,128,117.8,12,1.0,0.0,0,,0,0,0
fifo,stream,129,154.2,21,0.7407,28.71,36,,0,0,0
fifo,stream,130,247.8,12,0.75,34.5,48,,0,0,0
fifo,stream,131,87.6,5,0.8,9.0,9,,0,0,0
fifo,stream,132,357.7,18,0.85,37.67,9,,0,0,0
fifo,stream,133,243.3,14,1.0,0.0,0,,0,0,0
fifo,stream,134,399.2,20,0.92,12.5,8,,0,0,0
fifo,stream,135,238.7,20,0.8571,23.33,23,,0,0,0
fifo,stream,136,253.2,19,0.8519,37.75,33,,0,0,0
fifo,stream,137,261.3,17,0.8824,21.5,16,,0,0,0
fifo,stream,138,219.7,22,0.84,24.25,19,,0,0,0
fifo,stream,139,387.3,23,0.9333,31.0,30,,0,0,0
fifo,stream,140,253.6,18,0.9091,8.5,7,,0,0,0
fifo,stream,141,97.0,13,0.8462,24.5,8,,0,0,0
fifo,stream,142,288.9,20,0.9167,34.5,25,,0,0,0
fifo,stream,143,148.4,18,0.619,27.75,46,,0,0,0
fifo,stream,144,372.0,19,0.9545,6.0,6,,0,0,0
rush,wave,1,927.7,33,0.7778,245.22,357,,0,0,0
rush,wave,3,779.7,28,0.791,196.57,264,,0,0,0
rush,wave,2,543.6,35,0.6571,207.71,317,,0,0,0
rush,wave,4,856.7,32,0.825,172.07,278,,0,0,0
rush,wave,5,632.5,34,0.7424,249.0,370,,0,0,0
rush,wave,6,658.6,29,0.6316,138.36,278,,0,0,0
rush,wave,8,540.2,32,0.6786,173.72,285,,0,0,0
rush,wave,7,986.0,33,0.7059,209.2,374,,0,0,0
rush,wave,9,858.1,36,0.6076,178.87,318,,0,0,0
rush,wave,10,656.7,27,0.9038,173.2,241,,0,0,0
rush,wave,11,754.8,33,0.6812,172.5,321,,0,0,0
rush,wave,12,910.7,30,0.6812,203.05,352,,0,0,0
rush,wave,13,1078.6,32,0.6354,161.43,329,,0,1,0
rush,wave,14,926.4,38,0.6628,193.1,325,,0,0,0
rush,wave,15,848.9,35,0.7468,268.6,451,,0,0,0
rush,wave,16,814.3,36,0.6444,156.56,287,,0,0,0
rush,wave,17,921.9,34,0.6222,197.53,339,,0,1,0
rush,wave,18,668.0,35,0.7143,207.0,362,,0,0,0
rush,wave,20,805.1,34,0.6082,216.82,374,,0,1,0
rush,wave,19,884.5,36,0.6579,202.15,316,,0,0,0
rush,wave,21,1049.5,32,0.7284,207.86,424,,0,0,0
rush,wave,22,1115.0,31,0.6923,146.57,384,,0,0,0
rush,wave,23,1194.2,34,0.75,219.94,344,,0,0,0
rush,wave,24,759.0,32,0.6364,243.96,421,,0,0,0
rush,wave,26,901.3,28,0.6087,170.86,314,,0,1,0
rush,wave,25,739.9,43,0.716,237.96,364,,0,0,0
rush,wave,28,900.6,36,0.6932,223.96,395,,0,0,0
rush,wave,27,888.3,36,0.6374,195.61,372,,0,0,0
rush,wave,29,1181.4,26,0.8889,67.5,85,,0,0,0
rush,wave,30,840.9,30,0.6829,211.65,325,,0,1,0
rush,wave,31,1030.7,35,0.7805,142.0,287,,0,0,0
rush,wave,32,648.8,29,0.6543,158.71,323,,0,2,0
rush,wave,33,1078.4,31,0.6364,136.34,277,,0,1,0
rush,wave,34,833.0,30,0.5169,195.86,362,,0,0,0
rush,wave,35,813.5,31,0.6023,204.46,348,,0,1,0
rush,wave,36,654.6,34,0.5714,205.92,397,,0,0,0
rush,wave,37,1137.8,34,0.7708,245.45,385,,0,0,0
rush,wave,38,881.4,37,0.6353,215.84,369,,0,0,0
rush,wave,39,652.5,31,0.7397,192.63,299,,0,0,0
rush,wave,40,1136.4,34,0.6989,152.89,371,,0,0,0
rush,wave,42,1058.4,30,0.7174,203.69,371,,0,0,0
rush,wave,41,1177.8,35,0.7683,223.58,360,,0,0,0
rush,wave,43,1437.0,36,0.8021,200.26,357,,0,0,0
rush,wave,44,1106.4,36,0.6629,178.5,341,,0,0,0
rush,wave,45,919.1,22,0.9306,34.2,65,,0,0,0
rush,wave,46,849.7,37,0.6824,226.63,419,,0,0,0
rush,wave,47,792.0,37,0.5638,174.1,383,,0,0,0
rush,wave,48,1114.6,32,0.6974,222.78,401,,0,0,0
rush,wave,49,963.5,30,0.8182,158.94,320,,0,0,0
rush,wave,50,918.5,30,0.7927,166.71,316,,0,1,0
rush,wave,51,720.0,28,0.6892,195.09,409,,0,0,0
rush,wave,52,1096.7,32,0.8523,264.62,364,,0,0,0
rush,wave,53,728.6,27,0.9362,67.67,31,,0,0,0
rush,wave,54,1430.7,36,0.7912,245.37,374,,0,0,0
rush,wave,55,779.2,35,0.6588,179.28,366,,0,0,0
rush,wave,56,1074.4,36,0.7215,203.23,337,,0,0,0
rush,wave,57,716.8,37,0.6235,194.72,351,,0,0,0
rush,wave,58,723.5,30,0.6582,184.15,303,,0,0,0
rush,wave,60,906.9,21,1.0,0.0,0,,0,0,0
rush,wave,59,866.2,36,0.6889,192.32,347,,0,0,0
rush,wave,61,1045.7,34,0.8519,170.5,271,,0,0,0
rush,wave,62,852.3,31,0.7627,218.43,363,,0,1,0
rush,wave,63,715.6,25,0.6724,227.74,382,,0,0,0
rush,wave,64,606.6,28,0.5714,201.4,372,,0,0,0
rush,wave,65,749.4,36,0.6824,201.0,383,,0,0,0
rush,wave,66,1107.4,36,0.7955,184.67,413,,0,0,0
rush,wave,68,882.5,26,0.6769,171.86,357,,0,0,0
rush,wave,67,885.6,31,0.7,197.1,345,,0,0,0
rush,wave,69,855.7,34,0.8592,220.3,305,,0,0,0
rush,wave,71,845.1,28,0.7917,180.4,309,,0,0,0
rush,wave,70,1034.7,35,0.6538,142.56,287,,0,0,0
rush,wave,72,692.4,25,0.7736,143.0,297,,0,0,0
rush,wave,73,914.5,34,0.7123,173.1,312,,0,0,0
rush,wave,75,556.5,30,0.7581,166.6,266,,0,0,0
rush,wave,76,664.2,38,0.7385,192.88,363,,0,0,0
rush,wave,77,663.7,28,0.6094,197.36,344,,0,0,0
rush,wave,78,624.5,26,0.8621,148.5,257,,0,0,0
rush,wave,79,1013.5,39,0.75,216.21,374,,0,0,0
rush,wave,74,720.0,25,0.8033,188.75,335,,0,0,0
rush,wave,80,757.4,28,0.8281,174.55,299,,0,0,0
rush,wave,82,629.9,28,0.7344,154.88,280,,0,0,0
rush,wave,83,803.3,26,0.7636,157.46,274,,0,0,0
rush,wave,84,525.4,23,0.7955,126.56,237,,0,0,0
rush,wave,81,901.5,32,0.7344,171.41,314,,0,0,0
rush,wave,85,987.0,28,0.75,123.73,232,,0,0,0
rush,wave,86,434.4,29,0.7963,145.73,248,,0,0,0
rush,wave,87,670.1,26,0.7551,145.17,230,,0,0,0
rush,wave,88,1036.7,27,0.7959,130.2,238,,0,0,0
rush,wave,90,692.5,28,0.8235,120.33,225,,0,0,0
rush,wave,89,943.7,21,0.82,258.0,396,,0,0,0
rush,wave,91,494.2,29,0.8667,185.0,214,,0,0,0
rush,wave,92,486.0,24,0.8293,137.0,180,,0,0,0
rush,wave,93,550.4,22,0.8919,123.0,163,,0,0,0
rush,wave,94,676.4,27,0.6909,108.88,215,,0,0,0
rush,wave,96,391.7,20,0.8529,183.4,220,,0,0,0
rush,wave,95,564.3,24,0.8636,122.5,187,,0,0,0
rush,wave,97,353.2,17,0.8929,136.0,169,,0,0,0
rush,wave,98,385.7,17,0.8462,98.5,142,,0,0,0
rush,wave,100,280.1,16,0.7692,92.0,163,,0,0,0
rush,wave,99,499.9,18,0.8684,66.2,100,,0,0,0
rush,wave,101,546.7,19,0.8649,131.4,155,,0,0,0
rush,wave,104,364.2,18,0.9583,77.0,77,,0,0,0
rush,wave,103,340.0,22,0.8065,129.17,164,,0,0,0
rush,wave,102,627.9,26,0.8444,169.71,204,,0,0,0
rush,wave,105,368.8,18,0.9355,104.0,81,,0,0,0
rush,wave,108,254.7,17,0.9524,5.0,5,,0,0,0
rush,wave,107,476.2,20,0.8108,88.57,161,,0,0,0
rush,wave,106,784.7,27,0.8605,155.0,259,,0,0,0
rush,wave,109,386.6,19,0.9286,147.0,100,,0,0,0
rush,wave,112,131.1,10,0.9,53.0,23,,0,0,0
rush,wave,110,301.0,20,0.8966,85.67,46,,0,0,0
rush,wave,111,422.5,16,0.9333,141.5,138,,0,0,0
rush,wave,116,145.5,5,1.0,0.0,0,,0,0,0
rush,wave,113,379.8,15,0.8966,69.67,93,,0,0,0
rush,wave,117,286.8,9,1.0,0.0,0,,0,0,0
rush,wave,115,599.6,14,0.95,114.0,114,,0,0,0
rush,wave,114,174.6,16,0.8462,106.25,177,,0,0,0
rush,wave,118,177.9,9,0.9333,29.0,29,,0,0,0
rush,wave,119,138.2,11,0.9231,60.0,60,,0,0,0
rush,wave,120,351.2,13,0.96,130.0,130,,0,0,0
rush,wave,124,198.6,12,0.7857,64.33,48,,0,0,0
rush,wave,122,387.1,19,0.8846,93.33,138,,0,0,0
rush,wave,121,435.6,15,0.8947,100.0,20,,0,0,0
rush,wave,127,155.8,9,0.8824,34.0,16,,0,0,0
rush,wave,125,371.7,17,0.9545,154.0,154,,0,0,0
rush,wave,123,325.8,18,0.9333,158.0,120,,0,0,0
rush,wave,126,344.7,23,0.7674,123.4,199,,0,0,0
rush,wave,128,305.9,11,0.8636,52.67,56,,0,0,0
rush,wave,131,267.7,14,0.913,67.0,7,,0,0,0
rush,wave,130,760.6,17,0.9756,14.0,14,,0,0,0
rush,wave,129,487.8,17,0.8919,102.75,98,,0,0,0
rush,wave,133,352.8,14,1.0,0.0,0,,0,0,0
rush,wave,134,278.5,16,0.8519,119.25,143,,0,0,0
rush,wave,132,346.7,20,0.9655,179.0,179,,0,1,0
rush,wave,135,438.5,24,0.8571,167.6,200,,0,0,0
rush,wave,136,374.8,17,0.931,100.0,26,,0,0,0
rush,wave,139,292.6,12,0.913,42.5,12,,0,0,0
rush,wave,137,405.4,19,0.7273,93.56,184,,0,0,0
rush,wave,140,298.6,16,0.9355,111.5,86,,0,0,0
rush,wave,138,336.6,19,0.8182,153.17,194,,0,0,0
rush,wave,141,452.7,28,0.7143,155.58,283,,0,0,0
rush,wave,144,302.9,18,0.8929,97.33,104,,0,0,0
rush,wave,142,539.2,24,0.814,181.75,236,,0,0,0
rush,wave,143,533.8,21,0.95,153.0,74,,0,0,0
rush,stream,1,797.4,40,0.7719,61.38,126,,0,0,0
rush,stream,3,677.3,33,0.6786,76.72,151,,0,0,0
rush,stream,2,632.4,42,0.6607,85.37,214,,0,0,0
rush,stream,5,474.9,22,0.8,50.0,58,,0,0,0
rush,stream,4,397.5,22,0.875,18.0,12,,0,0,0
rush,stream,7,617.4,38,0.7455,63.07,135,,0,0,0
rush,stream,6,498.2,29,0.7857,65.78,95,,0,0,0
rush,stream,8,359.7,27,0.8205,36.0,49,,0,0,0
rush,stream,9,725.5,38,0.661,156.4,280,,0,0,0
rush,stream,11,735.9,43,0.8358,106.0,207,,0,0,0
rush,stream,10,643.7,40,0.7794,51.33,88,,0,0,0
rush,stream,12,513.5,37,0.6875,99.2,352,,0,0,0
rush,stream,13,246.9,30,0.6818,68.14,154,,0,0,0
rush,stream,14,855.7,34,0.7667,72.79,130,,0,0,0
rush,stream,15,923.8,40,0.85,53.22,113,,0,0,0
rush,stream,16,632.2,40,0.7826,104.6,232,,0,0,0
rush,stream,17,550.5,44,0.6857,72.95,172,,0,0,0
rush,stream,18,742.2,37,0.7879,92.43,205,,0,0,0
rush,stream,19,738.3,39,0.7105,61.05,128,,0,0,0
rush,stream,21,589.4,32,0.6667,122.35,243,,0,0,0
rush,stream,20,553.2,39,0.5,162.28,358,,0,0,0
rush,stream,22,661.3,42,0.726,87.65,198,,0,0,0
rush,stream,23,823.8,40,0.6812,54.32,137,,0,0,0
rush,stream,24,751.7,43,0.8406,93.55,311,,0,0,0
rush,stream,25,699.6,35,0.7164,114.37,303,,0,0,0
rush,stream,26,299.3,22,0.9583,34.0,34,,0,0,0
rush,stream,27,842.6,41,0.7432,65.89,128,,0,0,0
rush,stream,28,639.9,33,0.7119,95.71,218,,0,0,0
rush,stream,29,1074.2,36,0.8438,124.4,184,,0,0,0
rush,stream,30,608.0,36,0.6452,88.0,178,,0,0,0
rush,stream,32,534.1,30,0.6154,133.08,259,,0,0,0
rush,stream,31,732.8,31,0.7273,58.58,144,,0,1,0
rush,stream,33,790.0,43,0.7246,71.0,158,,0,0,0
rush,stream,34,826.9,38,0.6522,71.88,164,,0,0,0
rush,stream,35,650.6,31,0.8444,66.57,73,,0,0,0
rush,stream,37,823.2,43,0.7324,74.68,224,,0,0,0
rush,stream,36,757.6,44,0.8833,91.43,173,,0,1,0
rush,stream,38,1062.0,40,0.7,65.17,184,,0,0,0
rush,stream,39,469.4,30,0.8367,79.5,126,,0,1,0
rush,stream,40,663.2,37,0.6774,113.7,254,,0,0,0
rush,stream,41,529.4,35,0.6032,97.88,177,,0,0,0
rush,stream,42,508.0,36,0.5952,146.65,315,,0,1,0
rush,stream,43,848.4,41,0.7703,72.29,106,,0,0,0
rush,stream,44,615.0,38,0.7246,112.68,331,,0,0,0
rush,stream,45,700.3,45,0.7237,92.24,225,,0,0,0
rush,stream,46,797.8,37,0.7759,105.54,202,,0,0,0
rush,stream,47,693.8,39,0.7612,45.94,85,,0,0,0
rush,stream,49,628.7,43,0.7123,161.43,353,,0,0,0
rush,stream,48,511.5,32,0.7308,65.64,144,,0,0,0
rush,stream,50,694.9,35,0.6901,119.55,257,,0,0,0
rush,stream,51,698.4,41,0.7377,71.0,148,,0,0,0
rush,stream,52,531.2,41,0.6761,75.04,170,,0,0,0
rush,stream,53,589.5,28,0.66,70.71,140,,0,0,0
rush,stream,54,1130.9,42,0.716,76.87,143,,0,0,0
rush,stream,55,516.3,29,0.6364,72.12,127,,0,0,0
rush,stream,56,590.3,29,0.6346,84.95,201,,0,0,0
rush,stream,57,597.3,39,0.76,89.72,228,,0,0,0
rush,stream,58,661.8,38,0.7593,67.77,135,,0,0,0
rush,stream,60,617.5,44,0.7857,104.67,242,,0,0,0
rush,stream,61,856.0,43,0.8235,99.0,219,,0,0,0
rush,stream,62,615.7,34,0.6735,73.25,188,,0,1,0
rush,stream,59,408.1,21,0.5116,103.76,186,,0,0,0
rush,stream,63,522.6,38,0.7377,158.19,296,,0,0,0
rush,stream,64,797.4,42,0.7937,129.46,257,,0,0,0
rush,stream,65,326.0,35,0.6491,147.85,248,,0,0,0
rush,stream,66,835.7,37,0.7606,65.24,216,,0,1,0
rush,stream,67,519.5,38,0.6364,82.62,183,,0,0,0
rush,stream,68,675.6,44,0.7586,122.0,276,,0,0,0
rush,stream,69,527.3,42,0.6885,83.16,202,,0,0,0
rush,stream,72,510.3,33,0.678,128.37,283,,0,0,0
rush,stream,71,623.0,44,0.9038,78.4,123,,0,0,0
rush,stream,73,404.4,37,0.7391,78.08,181,,0,0,0
rush,stream,74,569.1,35,0.7143,70.07,157,,0,0,0
rush,stream,70,442.5,34,0.7037,104.38,221,,0,0,0
rush,stream,75,683.3,43,0.7429,126.22,333,,0,0,0
rush,stream,76,566.1,35,0.875,39.67,47,,0,0,0
rush,stream,77,442.3,38,0.7719,63.77,124,,0,0,0
rush,stream,78,702.6,30,0.925,46.67,26,,0,0,0
rush,stream,79,589.1,33,0.6792,79.24,171,,0,0,0
rush,stream,80,409.6,30,0.7805,44.33,108,,0,0,0
rush,stream,81,449.0,33,0.74,73.15,118,,0,0,0
rush,stream,82,475.6,36,0.9091,64.25,70,,0,0,0
rush,stream,83,446.2,30,0.878,22.2,27,,0,1,0
rush,stream,84,746.5,34,0.8,53.7,94,,0,0,0
rush,stream,86,554.2,30,0.7632,24.44,36,,0,0,0
rush,stream,85,485.1,34,0.78,28.55,58,,0,0,0
rush,stream,87,467.2,44,0.7377,110.19,249,,0,0,0
rush,stream,90,279.0,29,0.8387,29.6,27,,0,0,0
rush,stream,89,778.0,43,0.6719,89.43,226,,0,0,0
rush,stream,88,346.5,28,0.8571,30.6,38,,0,1,0
rush,stream,92,289.2,29,0.8485,15.2,8,,0,0,0
rush,stream,91,346.5,21,0.7931,16.0,21,,0,0,0
rush,stream,93,265.1,25,0.8966,28.33,19,,0,0,0
rush,stream,94,266.1,28,0.8387,48.2,37,,0,0,0
rush,stream,95,406.6,28,0.7778,28.25,48,,0,0,0
rush,stream,96,372.2,21,0.92,16.5,13,,0,0,0
rush,stream,97,233.5,18,0.9,11.5,8,,0,0,0
rush,stream,98,218.0,19,0.75,13.4,22,,0,0,0
rush,stream,100,320.0,23,0.75,18.29,28,,0,0,0
rush,stream,99,418.9,18,0.8182,17.25,23,,0,0,0
rush,stream,101,356.3,25,0.8571,30.25,40,,0,0,0
rush,stream,102,324.7,25,0.7742,32.29,61,,0,0,0
rush,stream,104,180.0,17,0.85,24.33,26,,0,0,0
rush,stream,103,377.4,28,0.6216,68.21,173,,0,0,0
rush,stream,105,351.9,20,0.9167,86.0,66,,0,0,0
rush,stream,106,242.8,21,0.8636,167.67,230,,0,0,0
rush,stream,107,459.4,19,0.913,16.5,3,,0,0,0
rush,stream,108,210.4,16,0.9,56.0,4,,0,0,0
rush,stream,110,224.2,17,0.7619,37.0,21,,0,0,0
rush,stream,109,166.3,23,0.8077,17.4,26,,0,0,0
rush,stream,112,159.9,13,1.0,0.0,0,,0,0,0
rush,stream,111,399.4,24,1.0,0.0,0,,0,0,0
rush,stream,113,366.7,23,0.931,16.0,16,,0,0,0
rush,stream,114,382.2,21,0.9565,14.0,14,,0,0,0
rush,stream,117,314.6,18,0.8421,12.0,7,,0,0,0
rush,stream,115,300.5,26,0.8571,23.5,24,,0,0,0
rush,stream,116,110.8,17,0.8235,25.0,29,,0,0,0
rush,stream,118,62.9,8,0.7778,3.5,1,,0,0,0
rush,stream,119,250.6,17,0.8824,11.5,2,,0,0,0
rush,stream,120,254.4,20,0.8261,17.0,15,,0,0,0
rush,stream,123,124.8,7,1.0,0.0,0,,0,1,0
rush,stream,122,246.8,19,0.75,21.83,25,,0,0,0
rush,stream,121,366.4,17,0.8095,39.75,45,,0,0,0
rush,stream,125,263.7,18,0.8182,58.25,67,,0,2,0
rush,stream,124,112.8,11,1.0,0.0,0,,0,0,0
rush,stream,126,289.8,18,0.9231,111.5,3,,0,0,0
rush,stream,127,168.2,10,1.0,0.0,0,,0,1,0
rush,stream,131,133.9,10,0.8182,3.5,2,,0,0,0
rush,stream,129,151.4,21,0.7037,23.62,48,,0,0,0
rush,stream,128,153.7,17,0.9412,22.0,22,,0,0,0
rush,stream,130,292.6,15,0.7647,23.5,21,,0,1,0
rush,stream,133,252.7,15,1.0,0.0,0,,0,0,0
rush,stream,132,272.9,18,0.8421,46.0,10,,0,0,0
rush,stream,135,256.9,25,0.7407,24.71,28,,0,0,0
rush,stream,134,438.7,23,0.9231,32.5,25,,0,0,0
rush,stream,136,252.2,20,0.88,24.67,28,,0,0,0
rush,stream,138,220.1,23,0.8846,18.33,19,,0,0,0
rush,stream,137,285.2,20,0.85,35.33,40,,0,0,0
rush,stream,139,277.2,23,0.9259,32.0,29,,0,0,0
rush,stream,140,492.6,25,0.9429,220.5,204,,0,0,0
rush,stream,141,103.5,14,0.8571,11.0,5,,0,0,0
rush,stream,142,370.0,26,0.9,17.33,16,,0,0,0
rush,stream,143,239.2,24,0.6786,39.44,57,,0,0,0
rush,stream,144,425.5,21,0.9167,38.5,9,,0,0,0
champ,wave,3,879.2,28,0.9104,176.33,218,0.07071,0,0,0
champ,wave,4,839.2,32,0.8375,143.92,333,0.04475,0,0,0
champ,wave,1,1039.6,33,0.8889,174.22,334,0.04417,0,0,0
champ,wave,6,734.3,29,0.7368,128.3,306,0.05337,0,0,0
champ,wave,5,633.2,32,0.75,197.94,386,0.07262,0,0,0
champ,wave,8,561.7,32,0.75,168.86,289,0.07489,0,0,0
champ,wave,2,682.3,33,0.8382,166.45,343,0.07457,0,0,0
champ,wave,7,1075.8,36,0.7746,179.69,362,0.04847,0,0,0
champ,wave,12,1037.0,31,0.8429,219.64,364,0.0493,0,0,0
champ,wave,9,966.5,31,0.7808,155.06,280,0.06748,0,0,0
champ,wave,11,789.2,32,0.6765,137.36,304,0.08047,0,0,0
champ,wave,13,1196.5,30,0.7766,100.0,272,0.05751,0,0,0
champ,wave,10,771.2,36,0.8485,275.4,375,0.08325,0,0,0
champ,wave,15,1017.5,37,0.7901,238.29,428,0.04985,0,0,0
champ,wave,14,1214.5,33,0.875,114.8,315,0.0623,0,0,0
champ,wave,16,1015.6,35,0.8202,178.75,358,0.06069,0,0,0
champ,wave,17,1074.0,31,0.7802,173.3,332,0.05187,0,0,0
champ,wave,19,1090.0,34,0.8462,137.33,266,0.08392,0,0,0
champ,wave,18,661.7,35,0.7662,190.61,357,0.06098,0,0,0
champ,wave,22,1462.4,35,0.8,188.37,377,0.04896,0,0,0
champ,wave,20,1180.7,33,0.8125,156.22,318,0.04502,0,0,0
champ,wave,21,1283.9,31,0.8,88.53,262,0.05644,0,0,0
champ,wave,23,1322.9,35,0.8533,186.18,312,0.05905,0,0,0
champ,wave,24,917.8,36,0.8214,168.47,301,0.05323,0,0,0
champ,wave,26,1235.8,28,0.7789,159.9,396,0.04791,0,0,0
champ,wave,25,841.9,36,0.8243,149.23,417,0.06451,0,0,0
champ,wave,27,973.3,34,0.7174,134.46,299,0.04587,0,0,0
champ,wave,28,1025.7,32,0.8588,123.25,216,0.0575,0,0,0
champ,wave,30,1161.5,38,0.7872,211.2,352,0.05213,0,0,0
champ,wave,31,1045.2,35,0.8072,156.88,329,0.06314,0,0,0
champ,wave,29,1500.7,36,0.814,135.44,307,0.06335,0,0,0
champ,wave,34,979.0,31,0.7416,110.65,275,0.06852,0,0,0
champ,wave,32,948.7,33,0.8837,167.6,335,0.06132,0,0,0
champ,wave,33,1155.1,28,0.7882,103.06,226,0.06015,0,0,0
champ,wave,35,1198.7,33,0.8454,152.73,318,0.05291,0,0,0
champ,wave,36,887.3,33,0.7229,172.39,380,0.05178,0,0,0
champ,wave,38,1233.8,34,0.8415,239.23,365,0.05606,0,0,0
champ,wave,37,1169.3,33,0.8632,105.23,267,0.05078,0,0,0
champ,wave,42,1226.3,30,0.7717,137.0,327,0.04665,0,0,0
champ,wave,39,841.1,36,0.7442,129.36,338,0.05561,0,0,0
champ,wave,40,1445.0,34,0.828,193.0,424,0.04628,0,0,0
champ,wave,41,1139.1,30,0.8312,152.62,339,0.06933,0,0,0
champ,wave,43,1618.4,30,0.8778,99.0,195,0.0653,0,0,0
champ,wave,44,1107.0,35,0.7692,112.29,269,0.0529,0,0,0
champ,wave,45,1008.0,36,0.8469,95.87,190,0.05493,0,0,0
champ,wave,47,1108.4,34,0.7692,148.33,358,0.05682,0,0,0
champ,wave,49,1093.4,32,0.8163,163.11,364,0.05031,0,0,0
champ,wave,50,1086.6,31,0.7955,129.28,336,0.06195,0,0,0
champ,wave,48,1217.7,33,0.7722,156.33,368,0.06105,0,0,0
champ,wave,46,999.4,32,0.825,177.07,359,0.06748,0,0,0
champ,wave,51,876.6,29,0.7619,119.4,313,0.055,0,0,0
champ,wave,52,1160.7,37,0.8617,227.77,370,0.04797,0,0,0
champ,wave,56,1023.9,34,0.7632,158.67,337,0.07311,0,0,0
champ,wave,53,1423.6,30,0.8588,80.75,166,0.06796,0,0,0
champ,wave,55,899.1,32,0.7195,138.61,290,0.05991,0,0,0
champ,wave,54,1465.2,31,0.8851,136.3,309,0.05437,0,0,0
champ,wave,57,1079.4,34,0.8118,166.88,333,0.05411,0,0,0
champ,wave,58,1019.8,35,0.7955,179.44,373,0.05446,0,0,0
champ,wave,59,948.6,33,0.8372,155.43,314,0.05063,0,0,0
champ,wave,62,807.3,31,0.8136,120.09,262,0.08464,0,0,0
champ,wave,63,895.4,29,0.8182,145.17,250,0.08334,0,0,0
champ,wave,64,909.9,32,0.8442,167.75,310,0.05432,0,0,0
champ,wave,60,1259.0,35,0.8667,169.8,332,0.07848,0,0,0
champ,wave,67,869.6,31,0.7714,166.94,369,0.06398,0,0,0
champ,wave,61,978.0,31,0.7949,64.62,157,0.07084,0,0,0
champ,wave,65,958.1,30,0.8354,128.77,288,0.06889,0,0,0
champ,wave,66,1175.1,34,0.8706,134.36,271,0.06547,0,0,0
champ,wave,74,865.7,27,0.8676,92.56,285,0.04901,0,0,0
champ,wave,69,807.6,34,0.831,124.92,296,0.05398,0,0,0
champ,wave,71,882.2,28,0.8194,157.85,285,0.05351,0,0,0
champ,wave,68,1108.6,28,0.8143,120.69,249,0.08996,0,0,0
champ,wave,73,862.4,34,0.7123,189.62,385,0.06075,0,0,0
champ,wave,72,925.4,33,0.8734,191.2,383,0.0661,0,0,0
champ,wave,75,605.0,30,0.8387,149.2,294,0.05768,0,0,0
champ,wave,70,1294.3,33,0.759,163.3,325,0.06248,0,0,0
champ,wave,77,868.7,28,0.7656,182.53,330,0.07187,0,0,0
champ,wave,78,674.0,30,0.9048,154.33,278,0.07343,0,0,0
champ,wave,80,693.4,28,0.7812,135.43,266,0.06641,0,0,0
champ,wave,76,705.1,38,0.7692,166.6,311,0.06198,0,0,0
champ,wave,82,739.6,28,0.8438,88.8,186,0.06692,0,0,0
champ,wave,79,930.5,37,0.7973,204.73,332,0.05426,0,0,0
champ,wave,83,978.2,26,0.9455,212.33,176,0.06132,0,0,0
champ,wave,81,968.5,32,0.8438,182.0,218,0.07947,0,0,0
champ,wave,85,1020.3,28,0.8333,147.4,249,0.07409,0,0,0
champ,wave,84,539.0,23,0.8636,115.83,161,0.08756,0,0,0
champ,wave,86,511.7,29,0.8889,252.83,255,0.0801,0,0,0
champ,wave,87,692.0,26,0.8367,100.62,205,0.07303,0,0,0
champ,wave,90,740.7,28,0.902,92.2,93,0.07523,0,0,0
champ,wave,88,1254.7,27,0.898,81.4,128,0.06606,0,0,0
champ,wave,91,460.7,29,0.8889,147.8,250,0.10648,0,0,0
champ,wave,89,1253.0,29,0.8254,118.27,253,0.05614,0,0,0
champ,wave,92,540.1,24,0.9512,145.0,23,0.08816,0,0,0
champ,wave,93,519.2,22,0.8649,74.2,164,0.08489,0,0,0
champ,wave,97,356.1,17,0.9286,5.0,4,0.09964,0,0,0
champ,wave,98,469.7,17,0.9231,31.33,28,0.07005,0,0,0
champ,wave,94,725.1,27,0.8909,148.33,183,0.07511,0,0,0
champ,wave,99,454.5,18,0.8684,57.8,83,0.07675,0,0,0
champ,wave,95,531.5,24,0.9091,118.75,137,0.10101,0,0,0
champ,wave,100,316.9,16,0.9231,46.0,34,0.10299,0,0,0
champ,wave,96,415.9,20,0.9412,137.0,23,0.10326,0,0,0
champ,wave,101,573.4,19,0.9189,99.67,13,0.11355,0,0,0
champ,wave,102,676.1,26,0.9778,2.0,2,0.06617,0,0,0
champ,wave,105,336.7,18,0.9677,21.0,21,0.08204,0,0,0
champ,wave,104,369.5,18,1.0,0.0,0,0.14634,0,0,0
champ,wave,103,357.8,22,0.9355,187.5,160,0.09077,0,0,0
champ,wave,108,260.1,17,1.0,0.0,0,0.14917,0,0,0
champ,wave,107,537.7,20,0.9459,132.0,57,0.12433,0,0,0
champ,wave,112,134.4,10,0.9,52.0,20,0.10401,0,0,0
champ,wave,109,394.1,19,0.9643,50.0,50,0.09902,0,0,0
champ,wave,106,808.0,27,0.9302,265.33,274,0.06455,0,0,0
champ,wave,111,427.3,16,0.9667,16.0,16,0.07569,0,0,0
champ,wave,113,382.3,15,0.931,17.5,12,0.10972,0,0,0
champ,wave,116,145.5,5,1.0,0.0,0,0.35415,0,0,0
champ,wave,110,309.6,20,0.9655,35.0,35,0.12714,0,0,0
champ,wave,115,599.6,14,0.95,28.0,28,0.11514,0,0,0
champ,wave,117,286.8,9,1.0,0.0,0,0.0544,0,0,0
champ,wave,118,190.5,9,1.0,0.0,0,0.11026,0,0,0
champ,wave,114,216.7,16,0.9231,33.0,28,0.09876,0,0,0
champ,wave,119,138.2,11,0.9231,16.0,16,0.1806,0,0,0
champ,wave,120,351.2,13,0.96,8.0,8,0.12463,0,0,0
champ,wave,121,436.9,15,0.9474,4.0,4,0.19569,0,0,0
champ,wave,124,232.5,12,0.9286,12.0,12,0.11045,0,0,0
champ,wave,122,508.1,19,0.9615,1.0,1,0.14096,0,0,0
champ,wave,127,155.8,9,0.8824,29.0,9,0.13154,0,0,0
champ,wave,128,312.4,11,0.9091,13.0,4,0.17956,0,0,0
champ,wave,123,333.1,18,1.0,0.0,0,0.10088,0,0,0
champ,wave,125,371.7,17,0.9545,158.0,158,0.11767,0,0,0
champ,wave,126,411.5,22,0.9048,72.75,61,0.0947,0,0,0
champ,wave,131,275.6,14,1.0,0.0,0,0.07704,0,0,0
champ,wave,129,474.2,17,0.9189,21.67,22,0.07302,0,0,0
champ,wave,133,352.8,14,1.0,0.0,0,0.19851,0,0,0
champ,wave,130,768.6,17,1.0,0.0,0,0.03693,0,0,0
champ,wave,132,346.7,20,0.9655,5.0,5,0.1066,0,0,0
champ,wave,134,307.1,16,0.9259,40.0,6,0.08254,0,0,0
champ,wave,135,455.2,24,0.9143,132.67,152,0.10435,0,0,0
champ,wave,136,386.5,17,1.0,0.0,0,0.10186,0,0,0
champ,wave,139,293.6,12,0.9565,26.0,26,0.15633,0,0,0
champ,wave,137,473.6,19,0.8485,65.0,109,0.10151,0,0,0
champ,wave,140,304.6,16,0.9677,41.0,41,0.03523,0,0,0
champ,wave,138,393.8,19,0.9697,4.0,4,0.08972,0,0,0
champ,wave,142,564.3,24,0.9302,128.0,78,0.08558,0,0,0
champ,wave,144,339.8,18,1.0,0.0,0,0.10324,0,0,0
champ,wave,141,529.7,28,0.8571,129.33,231,0.06832,0,0,0
champ,wave,143,539.0,21,0.975,7.0,7,0.07253,0,0,0
champ,stream,1,835.6,41,0.8246,46.4,140,0.0597,0,0,0
champ,stream,3,735.7,35,0.6897,68.72,126,0.08518,0,0,0
champ,stream,4,523.1,31,0.7708,47.0,106,0.05139,0,0,0
champ,stream,5,464.1,23,0.7812,34.57,69,0.07804,0,0,0
champ,stream,6,614.9,33,0.7755,67.27,119,0.06405,0,0,0
champ,stream,8,417.6,33,0.7778,49.75,129,0.05696,0,0,0
champ,stream,2,558.3,36,0.5926,85.82,268,0.09377,0,0,0
champ,stream,7,676.9,38,0.7857,107.75,273,0.06069,0,0,0
champ,stream,9,722.0,37,0.6604,76.78,200,0.07957,0,0,0
champ,stream,12,575.6,39,0.7463,65.71,180,0.05045,0,0,0
champ,stream,10,613.6,32,0.7015,80.85,210,0.07894,0,0,0
champ,stream,11,645.1,37,0.7742,73.5,268,0.09174,0,0,0
champ,stream,13,492.0,38,0.7091,40.94,96,0.08616,0,0,0
champ,stream,14,759.1,33,0.7,66.0,219,0.07843,0,0,0
champ,stream,15,866.9,39,0.8525,48.67,60,0.06432,0,0,0
champ,stream,17,567.3,41,0.7538,78.5,180,0.07275,0,0,0
champ,stream,16,718.5,37,0.8143,61.85,186,0.07738,0,0,0
champ,stream,19,665.4,36,0.76,90.06,296,0.07757,0,0,0
champ,stream,21,881.1,36,0.7432,88.05,255,0.06386,0,0,0
champ,stream,22,657.8,43,0.7794,69.27,203,0.07333,0,0,0
champ,stream,18,806.7,37,0.7391,45.78,104,0.07158,0,0,0
champ,stream,23,839.5,33,0.64,92.78,250,0.05938,0,0,0
champ,stream,20,504.9,35,0.6897,126.33,317,0.07637,0,0,0
champ,stream,24,759.8,44,0.8116,47.54,131,0.06349,0,0,0
champ,stream,25,576.1,39,0.6901,58.91,101,0.06595,0,0,0
champ,stream,27,762.7,37,0.6667,76.69,205,0.05299,0,0,0
champ,stream,26,868.1,39,0.7838,82.44,215,0.06429,0,0,0
champ,stream,28,646.2,32,0.7647,38.5,88,0.06938,0,0,0
champ,stream,32,720.4,37,0.7237,57.76,207,0.06861,0,0,0
champ,stream,30,730.0,39,0.7273,75.5,361,0.07455,0,0,0
champ,stream,31,1082.1,39,0.7802,66.15,211,0.05733,0,0,0
champ,stream,29,919.8,34,0.7733,95.24,277,0.07117,0,0,0
champ,stream,33,1171.1,36,0.7273,50.44,133,0.07693,0,0,0
champ,stream,34,754.4,31,0.7302,46.88,111,0.09773,0,0,0
champ,stream,35,862.8,37,0.7538,49.0,112,0.08348,0,0,0
champ,stream,36,995.2,42,0.7237,51.33,126,0.05813,0,0,0
champ,stream,37,961.2,41,0.8354,61.62,138,0.06135,0,0,0
champ,stream,38,1071.7,33,0.8033,73.58,230,0.07471,0,0,0
champ,stream,40,943.0,39,0.8,91.53,188,0.06219,0,0,0
champ,stream,39,966.0,40,0.7229,55.39,131,0.05693,0,0,0
champ,stream,41,814.9,39,0.6163,78.15,237,0.06206,0,0,0
champ,stream,42,800.7,37,0.6966,96.0,272,0.05576,0,0,0
champ,stream,45,758.8,47,0.7692,68.61,151,0.06871,0,0,0
champ,stream,44,674.9,37,0.7895,59.94,157,0.06304,0,0,0
champ,stream,43,759.2,30,0.8,55.62,98,0.08927,0,0,0
champ,stream,47,877.6,34,0.8261,69.42,170,0.07014,0,0,0
champ,stream,49,810.5,46,0.8514,137.91,286,0.06656,0,0,0
champ,stream,46,772.3,29,0.5942,67.14,178,0.07775,0,0,0
champ,stream,50,840.1,36,0.7179,77.59,169,0.07169,0,0,0
champ,stream,48,727.2,32,0.6438,77.31,141,0.06572,0,0,0
champ,stream,52,832.5,36,0.8169,77.38,193,0.06278,0,0,0
champ,stream,53,861.3,32,0.7313,98.11,288,0.08489,0,0,0
champ,stream,51,716.3,35,0.7903,55.54,152,0.07441,0,0,0
champ,stream,55,669.1,37,0.75,79.38,216,0.07757,0,0,0
champ,stream,54,879.9,35,0.6462,47.78,73,0.07126,0,0,0
champ,stream,58,657.4,35,0.6897,74.44,156,0.08909,0,0,0
champ,stream,56,801.7,35,0.7027,111.09,271,0.07377,0,0,0
champ,stream,57,640.2,39,0.7442,58.73,189,0.05384,0,0,0
champ,stream,59,1000.2,41,0.7875,42.06,112,0.05408,0,0,0
champ,stream,60,627.9,37,0.7794,70.6,188,0.08675,0,0,0
champ,stream,61,743.5,36,0.8065,72.42,216,0.0878,0,0,0
champ,stream,63,506.1,36,0.6949,70.39,197,0.09257,0,0,0
champ,stream,62,513.2,38,0.6667,70.06,185,0.10899,0,0,0
champ,stream,65,476.7,39,0.7419,128.56,280,0.09043,0,0,0
champ,stream,64,839.8,41,0.7903,128.62,226,0.07252,0,0,0
champ,stream,66,878.9,40,0.8082,54.07,100,0.07763,0,0,0
champ,stream,67,679.5,39,0.8088,84.85,237,0.06918,0,0,0
champ,stream,69,498.9,44,0.7619,68.87,160,0.07141,0,0,0
champ,stream,70,381.8,36,0.7143,125.14,356,0.10424,0,0,0
champ,stream,73,737.6,38,0.7963,30.64,68,0.06329,0,0,0
champ,stream,72,532.5,35,0.7719,83.0,170,0.08614,0,0,0
champ,stream,74,761.7,38,0.8393,90.33,184,0.06745,0,0,0
champ,stream,68,664.9,38,0.78,83.82,337,0.12826,0,0,0
champ,stream,71,772.5,39,0.8594,59.89,67,0.07421,0,0,0
champ,stream,75,758.6,44,0.8056,91.0,222,0.06181,0,0,0
champ,stream,78,595.9,30,0.878,49.8,90,0.08408,0,0,0
champ,stream,76,519.7,36,0.7843,36.64,81,0.0667,0,0,0
champ,stream,77,622.8,35,0.8113,55.2,130,0.10145,0,0,0
champ,stream,79,495.0,30,0.7619,55.4,116,0.07398,0,0,0
champ,stream,80,470.2,36,0.8298,48.38,80,0.07361,0,0,0
champ,stream,81,539.0,34,0.7925,71.82,141,0.07928,0,0,0
champ,stream,82,507.2,36,0.8302,29.78,78,0.0732,0,0,0
champ,stream,83,453.7,27,0.9429,23.0,14,0.07606,0,0,0
champ,stream,85,495.6,32,0.7358,37.0,110,0.0623,0,0,0
champ,stream,86,454.3,32,0.725,40.0,83,0.08687,0,0,0
champ,stream,84,715.2,34,0.6731,59.88,231,0.08448,0,0,0
champ,stream,91,395.9,23,0.9,13.67,6,0.10712,0,0,0
champ,stream,90,295.4,27,0.7931,37.83,39,0.10267,0,0,0
champ,stream,87,516.7,40,0.7544,41.64,102,0.08873,0,0,0
champ,stream,92,292.6,30,0.8235,41.5,76,0.09413,0,0,0
champ,stream,88,434.7,27,0.9211,35.33,13,0.07034,0,0,0
champ,stream,93,313.5,25,0.8235,63.5,93,0.08286,0,0,0
champ,stream,89,820.1,42,0.7377,44.88,96,0.0658,0,0,0
champ,stream,96,415.4,24,0.8333,45.67,51,0.06342,0,0,0
champ,stream,95,606.3,30,0.74,79.15,145,0.07521,0,0,0
champ,stream,94,389.0,29,0.7381,77.91,170,0.06626,0,0,0
champ,stream,97,264.2,21,0.875,42.67,38,0.08887,0,0,0
champ,stream,99,236.2,21,0.8125,51.17,74,0.07078,0,0,0
champ,stream,98,265.3,21,0.76,45.0,62,0.07813,0,0,0
champ,stream,100,390.9,21,0.7143,52.38,121,0.10467,0,0,0
champ,stream,101,299.7,23,0.75,76.86,100,0.1187,0,0,0
champ,stream,102,341.8,25,0.8125,45.0,68,0.06258,0,0,0
champ,stream,104,209.4,18,0.8571,65.67,83,0.14054,0,0,0
champ,stream,105,253.1,20,0.8261,49.0,79,0.08133,0,0,0
champ,stream,107,456.2,20,0.8,27.4,49,0.13436,0,0,0
champ,stream,103,389.6,26,0.6111,104.57,222,0.07558,0,0,0
champ,stream,108,254.4,17,0.8333,41.5,58,0.10519,0,0,0
champ,stream,106,180.7,17,0.6667,84.5,163,0.13933,0,0,0
champ,stream,110,201.8,16,0.7619,28.8,47,0.12449,0,0,0
champ,stream,109,270.4,26,0.8485,61.2,38,0.06047,0,0,0
champ,stream,111,455.7,26,0.9189,39.0,45,0.05919,0,0,0
champ,stream,113,350.3,26,0.8788,29.25,23,0.08404,0,0,0
champ,stream,114,354.8,22,0.8077,13.4,14,0.10392,0,0,0
champ,stream,112,90.6,12,0.7333,38.75,29,0.11937,0,0,0
champ,stream,118,135.7,11,0.6923,18.0,22,0.10134,0,0,0
champ,stream,116,237.8,21,0.8696,33.33,35,0.13286,0,0,0
champ,stream,117,161.3,17,0.7059,17.6,25,0.04096,0,0,0
champ,stream,119,237.3,18,0.7619,39.8,30,0.13422,0,0,0
champ,stream,115,434.1,27,0.7941,39.14,73,0.0787,0,0,0
champ,stream,123,133.3,9,1.0,0.0,0,0.18448,0,0,0
champ,stream,120,269.1,21,0.8462,34.5,43,0.09466,0,0,0
champ,stream,122,215.4,18,0.8095,13.25,18,0.15445,0,0,0
champ,stream,121,397.4,19,0.8077,50.6,47,0.12413,0,0,0
champ,stream,124,166.3,13,0.8889,56.0,4,0.07022,0,0,0
champ,stream,126,323.4,20,0.8667,22.5,16,0.11678,0,0,0
champ,stream,125,212.3,17,0.4783,85.25,187,0.07245,0,2,0
champ,stream,127,230.5,16,0.7692,59.83,104,0.08567,0,0,0
champ,stream,131,123.0,10,0.8182,39.5,21,0.08236,0,0,0
champ,stream,128,151.8,17,0.9412,22.0,22,0.21357,0,0,0
champ,stream,129,154.2,21,0.7407,41.71,65,0.07943,0,0,0
champ,stream,132,335.1,19,0.85,14.67,12,0.10176,0,0,0
champ,stream,133,254.3,15,1.0,0.0,0,0.18814,0,0,0
champ,stream,130,96.0,16,0.5455,43.8,111,0.03618,0,0,0
champ,stream,134,446.5,24,0.8966,29.0,28,0.07089,0,0,0
champ,stream,135,311.2,26,0.8214,67.6,101,0.09407,0,0,0
champ,stream,136,305.3,21,0.931,40.5,22,0.07807,0,0,0
champ,stream,137,360.5,24,0.7857,43.5,47,0.12522,0,0,0
champ,stream,141,234.5,18,0.9091,20.0,13,0.05752,0,0,0
champ,stream,138,177.8,25,0.7667,48.43,48,0.06734,0,0,0
champ,stream,139,408.5,27,0.9429,84.5,66,0.10391,0,0,0
champ,stream,140,515.1,26,0.9722,2.0,2,0.02721,0,0,0
champ,stream,142,332.5,23,0.8,79.0,179,0.11448,0,0,0
champ,stream,144,470.1,25,0.871,35.75,40,0.07797,0,0,0
champ,stream,143,241.6,25,0.75,56.86,132,0.07848,0,0,0
mpc,wave,4,887.1,32,0.8625,154.73,321,0.04337,0,0,0
mpc,wave,3,879.2,28,0.9104,176.33,218,0.07071,0,0,0
mpc,wave,6,734.3,29,0.7368,128.3,306,0.05337,0,0,0
mpc,wave,8,561.7,32,0.75,162.57,283,0.07557,0,0,0
mpc,wave,1,1039.6,33,0.8889,169.33,318,0.04353,0,0,0
mpc,wave,5,633.2,32,0.75,197.94,386,0.07262,0,0,0
mpc,wave,2,682.3,33,0.8382,166.45,343,0.07457,0,0,0
mpc,wave,7,1075.8,36,0.7746,179.69,362,0.04847,0,0,0
mpc,wave,12,1037.0,31,0.8429,207.18,321,0.04858,0,0,0
mpc,wave,11,816.6,33,0.6957,136.19,332,0.08012,0,0,0
mpc,wave,9,1025.8,34,0.8026,186.87,327,0.06345,0,0,0
mpc,wave,13,1196.5,30,0.7766,100.0,272,0.05751,0,0,0
mpc,wave,10,771.2,36,0.8485,251.9,358,0.08168,0,0,0
mpc,wave,15,1017.5,34,0.8205,223.57,389,0.0541,0,0,0
mpc,wave,14,1200.7,35,0.8434,136.23,271,0.05923,0,0,0
mpc,wave,16,1015.6,35,0.8202,178.75,358,0.06069,0,0,0
mpc,wave,17,1066.9,30,0.7778,189.95,390,0.05244,0,0,0
mpc,wave,18,661.7,33,0.7867,180.0,368,0.06307,0,0,0
mpc,wave,19,1090.0,34,0.8462,140.42,273,0.08349,0,0,0
mpc,wave,20,1180.7,33,0.8125,158.94,322,0.04473,0,0,0
mpc,wave,22,1462.4,35,0.8,188.37,377,0.04896,0,0,0
mpc,wave,23,1322.9,35,0.8533,186.18,312,0.05905,0,0,0
mpc,wave,21,1283.9,31,0.8,88.53,262,0.05644,0,0,0
mpc,wave,26,1235.8,28,0.7789,159.9,396,0.04791,0,0,0
mpc,wave,24,917.8,36,0.8214,168.47,301,0.05323,0,0,0
mpc,wave,25,822.3,36,0.8649,125.2,268,0.06427,0,0,0
mpc,wave,27,973.3,34,0.7174,134.46,299,0.04587,0,0,0
mpc,wave,28,1025.7,32,0.8588,123.25,216,0.0575,0,0,0
mpc,wave,30,1161.5,38,0.7872,211.2,352,0.05213,0,0,0
mpc,wave,29,1500.7,35,0.8235,139.13,311,0.06461,0,0,0
mpc,wave,31,1045.2,35,0.8072,156.88,329,0.06314,0,0,0
mpc,wave,32,1004.0,37,0.8556,187.15,294,0.05761,0,0,0
mpc,wave,33,1206.4,30,0.7586,101.52,308,0.05873,0,0,0
mpc,wave,34,1145.9,32,0.7802,121.25,385,0.06724,0,0,0
mpc,wave,35,1198.7,33,0.8454,152.73,318,0.05291,0,0,0
mpc,wave,36,887.3,33,0.7229,172.39,380,0.05178,0,0,0
mpc,wave,38,1233.8,34,0.8415,239.23,365,0.05606,0,0,0
mpc,wave,37,1169.3,33,0.8632,105.23,267,0.05078,0,0,0
mpc,wave,39,841.1,36,0.7442,129.36,338,0.05561,0,0,0
mpc,wave,42,1226.3,30,0.7717,137.0,327,0.04665,0,0,0
mpc,wave,40,1445.0,34,0.828,193.0,424,0.04628,0,0,0
mpc,wave,41,1139.1,30,0.8312,152.62,339,0.06933,0,0,0
mpc,wave,43,1621.7,32,0.8696,118.08,245,0.06493,0,0,0
mpc,wave,44,1107.0,36,0.7609,122.5,269,0.05298,0,0,0
mpc,wave,45,1008.0,36,0.8469,95.87,190,0.05493,0,0,0
mpc,wave,46,1042.0,32,0.8625,187.45,342,0.06912,0,0,0
mpc,wave,50,1083.6,32,0.7978,147.39,322,0.06053,0,0,0
mpc,wave,49,1093.4,32,0.8163,163.11,364,0.05031,0,0,0
mpc,wave,47,1118.2,34,0.7582,126.05,273,0.05665,0,0,0
mpc,wave,48,1219.9,32,0.8026,141.13,327,0.06347,0,0,0
mpc,wave,51,877.6,29,0.7927,74.24,125,0.05643,0,0,0
mpc,wave,52,1160.7,36,0.871,214.25,357,0.04741,0,0,0
mpc,wave,58,1019.8,35,0.7955,179.44,373,0.05446,0,0,0
mpc,wave,53,1423.6,30,0.8588,80.75,166,0.06796,0,0,0
mpc,wave,55,899.1,32,0.7195,138.61,290,0.05991,0,0,0
mpc,wave,56,1023.9,33,0.7632,149.44,333,0.0719,0,0,0
mpc,wave,54,1465.2,30,0.9059,116.38,251,0.05515,0,0,0
mpc,wave,57,1079.4,33,0.8214,137.67,287,0.05545,0,0,0
mpc,wave,59,910.4,31,0.8214,136.53,317,0.05226,0,0,0
mpc,wave,62,817.7,31,0.7966,93.92,245,0.08342,0,0,0
mpc,wave,64,909.9,32,0.8442,167.75,310,0.05432,0,0,0
mpc,wave,63,895.4,32,0.7826,169.87,271,0.08021,0,0,0
mpc,wave,60,1259.0,35,0.8667,169.8,332,0.07848,0,0,0
mpc,wave,65,962.2,32,0.8293,148.21,252,0.06703,0,0,0
mpc,wave,67,869.6,31,0.7714,166.94,369,0.06398,0,0,0
mpc,wave,61,978.0,31,0.7949,64.62,157,0.07084,0,0,0
mpc,wave,66,1175.1,34,0.8706,134.36,271,0.06547,0,0,0
mpc,wave,68,1150.9,36,0.7595,201.47,448,0.07766,0,0,0
mpc,wave,69,807.6,34,0.831,124.92,296,0.05398,0,0,0
mpc,wave,74,865.7,27,0.8676,92.56,285,0.04901,0,0,0
mpc,wave,71,882.2,28,0.8194,157.85,285,0.05351,0,0,0
mpc,wave,72,925.4,33,0.8734,185.2,384,0.06307,0,0,0
mpc,wave,73,862.4,34,0.7123,187.0,380,0.06093,0,0,0
mpc,wave,75,605.0,30,0.8387,149.2,294,0.05768,0,0,0
mpc,wave,70,1302.2,31,0.8025,185.12,347,0.06393,0,0,0
mpc,wave,77,868.7,28,0.7656,182.53,330,0.07187,0,0,0
mpc,wave,78,674.0,30,0.9048,154.33,278,0.07343,0,0,0
mpc,wave,76,705.1,38,0.7692,168.8,335,0.06098,0,0,0
mpc,wave,80,705.2,28,0.7969,135.15,256,0.06969,0,0,0
mpc,wave,81,968.5,32,0.8438,182.0,218,0.07947,0,0,0
mpc,wave,82,752.4,28,0.875,93.12,145,0.0655,0,0,0
mpc,wave,79,930.5,37,0.7973,204.73,332,0.05426,0,0,0
mpc,wave,83,978.2,26,0.9455,221.33,164,0.05761,0,0,0
mpc,wave,84,540.4,23,0.8636,116.67,178,0.08849,0,0,0
mpc,wave,85,1020.3,28,0.8333,147.4,249,0.07409,0,0,0
mpc,wave,90,740.7,28,0.902,86.6,86,0.06492,0,0,0
mpc,wave,86,511.7,29,0.8889,252.83,255,0.0801,0,0,0
mpc,wave,87,692.0,26,0.8367,91.5,185,0.07475,0,0,0
mpc,wave,89,1253.0,29,0.8254,117.0,215,0.05584,0,0,0
mpc,wave,88,1254.7,27,0.898,81.4,128,0.06606,0,0,0
mpc,wave,91,460.7,29,0.8889,147.8,250,0.10648,0,0,0
mpc,wave,92,540.1,24,0.9512,145.0,23,0.08816,0,0,0
mpc,wave,93,529.8,22,0.8919,103.0,162,0.0869,0,0,0
mpc,wave,97,356.1,17,0.9286,5.0,4,0.09489,0,0,0
mpc,wave,96,415.9,20,0.9412,102.0,23,0.09578,0,0,0
mpc,wave,98,469.7,17,0.9231,31.33,28,0.07005,0,0,0
mpc,wave,94,725.1,27,0.8909,134.33,192,0.07436,0,0,0
mpc,wave,95,531.5,24,0.9091,118.75,137,0.10101,0,0,0
mpc,wave,100,316.9,16,0.9231,46.0,34,0.1086,0,0,0
mpc,wave,99,480.4,18,0.8947,64.0,94,0.08634,0,0,0
mpc,wave,101,551.3,19,0.9189,85.67,31,0.10435,0,0,0
mpc,wave,104,369.5,18,1.0,0.0,0,0.14634,0,0,0
mpc,wave,105,336.7,18,0.9677,21.0,21,0.08204,0,0,0
mpc,wave,102,676.1,26,0.9778,2.0,2,0.06617,0,0,0
mpc,wave,103,357.8,22,0.9355,187.5,160,0.09077,0,0,0
mpc,wave,107,537.7,20,0.9459,132.0,57,0.12433,0,0,0
mpc,wave,108,260.1,17,1.0,0.0,0,0.14835,0,0,0
mpc,wave,109,394.1,19,0.9643,50.0,50,0.09902,0,0,0
mpc,wave,112,138.6,10,0.95,20.0,20,0.10401,0,0,0
mpc,wave,106,808.0,27,0.9302,259.0,256,0.0611,0,0,0
mpc,wave,111,427.3,16,0.9667,16.0,16,0.07361,0,0,0
mpc,wave,113,382.3,15,0.931,17.5,12,0.10972,0,0,0
mpc,wave,116,145.5,5,1.0,0.0,0,0.35415,0,0,0
mpc,wave,115,599.6,14,0.95,28.0,28,0.11514,0,0,0
mpc,wave,110,309.6,20,0.9655,35.0,35,0.12714,0,0,0
mpc,wave,114,222.8,16,0.9615,8.0,8,0.11881,0,0,0
mpc,wave,118,190.5,9,1.0,0.0,0,0.11026,0,0,0
mpc,wave,117,286.8,9,1.0,0.0,0,0.0544,0,0,0
mpc,wave,119,138.2,11,0.9231,16.0,16,0.1806,0,0,0
mpc,wave,120,351.2,13,0.96,8.0,8,0.12463,0,0,0
mpc,wave,121,449.8,15,1.0,0.0,0,0.1738,0,0,0
mpc,wave,124,232.5,12,0.9286,12.0,12,0.11045,0,0,0
mpc,wave,122,513.3,19,1.0,0.0,0,0.14008,0,0,0
mpc,wave,123,333.1,18,1.0,0.0,0,0.09931,0,0,0
mpc,wave,127,155.8,9,0.8824,29.0,9,0.13154,0,0,0
mpc,wave,128,312.4,11,0.9091,13.0,4,0.17956,0,0,0
mpc,wave,125,371.7,17,0.9545,146.0,146,0.11312,0,0,0
mpc,wave,129,474.2,17,0.9189,21.67,22,0.07302,0,0,0
mpc,wave,126,411.5,22,0.9048,72.75,61,0.0947,0,0,0
mpc,wave,131,275.6,14,1.0,0.0,0,0.07704,0,0,0
mpc,wave,133,352.8,14,1.0,0.0,0,0.19851,0,0,0
mpc,wave,130,768.6,17,1.0,0.0,0,0.0375,0,0,0
mpc,wave,132,346.7,20,0.9655,5.0,5,0.1066,0,0,0
mpc,wave,134,307.1,16,0.9259,40.0,6,0.08254,0,0,0
mpc,wave,136,386.5,17,1.0,0.0,0,0.1077,0,0,0
mpc,wave,135,455.2,24,0.9143,132.67,152,0.10435,0,0,0
mpc,wave,139,293.6,12,0.9565,26.0,26,0.15633,0,0,0
mpc,wave,140,304.6,16,0.9677,41.0,41,0.03523,0,0,0
mpc,wave,137,473.6,19,0.8485,76.8,147,0.1177,0,0,0
mpc,wave,138,393.8,19,0.9697,4.0,4,0.08972,0,0,0
mpc,wave,142,564.3,24,0.9302,128.0,78,0.08558,0,0,0
mpc,wave,144,339.8,18,1.0,0.0,0,0.10324,0,0,0
mpc,wave,141,529.7,28,0.8571,129.33,231,0.06832,0,0,0
mpc,wave,143,539.0,21,0.975,7.0,7,0.07253,0,0,0
mpc,stream,1,835.6,41,0.8246,46.4,140,0.0597,0,0,0
mpc,stream,4,523.1,31,0.7708,47.0,106,0.05139,0,0,0
mpc,stream,5,475.2,24,0.7879,34.57,69,0.0735,0,0,0
mpc,stream,6,622.9,33,0.76,65.17,124,0.05843,0,0,0
mpc,stream,2,647.8,36,0.6182,49.33,99,0.09345,0,0,0
mpc,stream,3,791.9,37,0.6825,74.7,216,0.08375,0,0,0
mpc,stream,8,391.5,33,0.717,46.27,115,0.07441,0,0,0
mpc,stream,7,517.8,34,0.7708,109.91,297,0.06198,0,0,0
mpc,stream,9,762.8,38,0.6727,77.33,194,0.07328,0,0,0
mpc,stream,11,622.6,38,0.7581,73.07,269,0.09136,0,0,0
mpc,stream,12,662.3,38,0.7969,94.46,186,0.0578,0,0,0
mpc,stream,13,470.3,38,0.7091,40.81,95,0.08962,0,0,0
mpc,stream,10,637.8,34,0.7353,60.44,164,0.07908,0,0,0
mpc,stream,15,823.1,37,0.8254,57.55,182,0.05806,0,0,0
mpc,stream,14,723.4,33,0.6842,67.78,219,0.08214,0,0,0
mpc,stream,17,562.3,42,0.7778,93.64,203,0.07536,0,0,0
mpc,stream,16,646.7,38,0.7606,58.65,128,0.07593,0,0,0
mpc,stream,19,716.3,39,0.7089,73.83,275,0.08232,0,0,0
mpc,stream,21,881.1,36,0.7432,88.05,255,0.06386,0,0,0
mpc,stream,22,786.4,44,0.8169,71.92,185,0.06988,0,0,0
mpc,stream,20,409.3,36,0.6667,126.32,343,0.07881,0,0,0
mpc,stream,23,833.5,32,0.6438,89.04,250,0.06081,0,0,0
mpc,stream,18,801.7,35,0.7424,37.94,83,0.07415,0,0,0
mpc,stream,24,759.8,44,0.8116,47.54,131,0.06349,0,0,0
mpc,stream,25,608.4,38,0.6849,47.48,88,0.0643,0,0,0
mpc,stream,28,651.3,33,0.7286,55.05,130,0.0676,0,0,0
mpc,stream,27,833.4,37,0.7703,53.41,134,0.05664,0,0,0
mpc,stream,26,864.9,40,0.7733,75.12,202,0.06437,0,0,0
mpc,stream,32,665.0,37,0.7324,64.63,207,0.07233,0,0,0
mpc,stream,30,730.0,39,0.7273,75.5,361,0.07455,0,0,0
mpc,stream,31,844.3,33,0.7632,64.39,241,0.066,0,0,0
mpc,stream,29,919.8,34,0.7733,95.24,277,0.07117,0,0,0
mpc,stream,34,754.4,31,0.7302,46.88,111,0.09773,0,0,0
mpc,stream,35,862.8,37,0.7538,49.0,112,0.08348,0,0,0
mpc,stream,36,941.4,39,0.7179,66.59,151,0.0546,0,0,0
mpc,stream,33,1059.3,33,0.6885,61.63,163,0.08289,0,0,0
mpc,stream,37,961.2,41,0.8354,61.62,138,0.06135,0,0,0
mpc,stream,38,1071.7,33,0.8033,73.58,230,0.07471,0,0,0
mpc,stream,40,943.0,39,0.8,91.53,188,0.06219,0,0,0
mpc,stream,39,871.0,40,0.75,54.2,101,0.05944,0,0,0
mpc,stream,41,770.0,33,0.7037,76.96,245,0.06222,0,0,0
mpc,stream,42,806.5,38,0.6889,86.43,270,0.05525,0,0,0
mpc,stream,45,788.0,47,0.8101,81.0,159,0.06689,0,0,0
mpc,stream,43,898.1,36,0.8514,43.09,50,0.08095,0,0,0
mpc,stream,44,650.2,39,0.8052,50.47,161,0.06273,0,0,0
mpc,stream,46,915.9,33,0.6234,66.21,142,0.06962,0,0,0
mpc,stream,47,877.6,34,0.8261,69.42,170,0.07014,0,0,0
mpc,stream,48,957.1,33,0.6806,82.0,158,0.06648,0,0,0
mpc,stream,49,825.9,45,0.8684,110.3,207,0.06561,0,0,0
mpc,stream,50,840.1,36,0.7179,77.59,169,0.07169,0,0,0
mpc,stream,53,835.0,34,0.6892,87.22,203,0.07753,0,0,0
mpc,stream,52,841.7,41,0.7945,65.87,212,0.06263,0,0,0
mpc,stream,51,649.3,31,0.7593,65.62,212,0.08437,0,0,0
mpc,stream,54,894.2,37,0.6377,59.4,163,0.06752,0,0,0
mpc,stream,55,899.2,40,0.7391,60.56,116,0.07225,0,0,0
mpc,stream,58,657.4,35,0.6897,74.44,156,0.08909,0,0,0
mpc,stream,56,810.5,36,0.6892,99.96,255,0.07414,0,0,0
mpc,stream,59,1102.2,44,0.8537,52.83,100,0.053,0,0,0
mpc,stream,57,616.8,36,0.7821,36.71,112,0.05783,0,0,0
mpc,stream,60,672.0,40,0.7917,69.87,188,0.08173,0,0,0
mpc,stream,63,506.1,36,0.6949,70.39,197,0.09257,0,0,0
mpc,stream,62,513.2,38,0.6667,70.06,185,0.10899,0,0,0
mpc,stream,61,854.9,38,0.8281,44.55,106,0.08643,0,0,0
mpc,stream,64,838.3,40,0.7869,128.62,226,0.07421,0,0,0
mpc,stream,65,476.7,39,0.7419,128.56,280,0.09043,0,0,0
mpc,stream,67,650.0,40,0.7826,68.27,192,0.07052,0,0,0
mpc,stream,66,849.1,40,0.8194,57.92,100,0.0781,0,0,0
mpc,stream,69,498.9,44,0.7619,68.87,160,0.07141,0,0,0
mpc,stream,73,737.6,38,0.7963,30.64,68,0.06329,0,0,0
mpc,stream,72,532.5,35,0.7719,83.0,170,0.08634,0,0,0
mpc,stream,70,390.6,34,0.6604,133.78,295,0.09518,0,0,0
mpc,stream,74,716.3,37,0.7963,86.18,177,0.06534,0,0,0
mpc,stream,68,715.9,41,0.7818,70.33,183,0.11534,0,0,0
mpc,stream,78,595.9,30,0.878,49.8,90,0.08408,0,0,0
mpc,stream,71,786.5,42,0.8507,54.4,67,0.07236,0,0,0
mpc,stream,76,547.0,35,0.7925,50.82,109,0.06582,0,0,0
mpc,stream,75,739.5,44,0.8182,109.0,222,0.06713,0,0,0
mpc,stream,77,687.9,36,0.8,79.83,175,0.07654,0,0,0
mpc,stream,79,495.0,30,0.7619,55.4,116,0.07398,0,0,0
mpc,stream,80,683.6,36,0.8542,53.71,80,0.07274,0,0,0
mpc,stream,81,539.0,34,0.7925,71.82,141,0.07928,0,0,0
mpc,stream,86,454.3,32,0.725,40.0,83,0.08691,0,0,0
mpc,stream,82,542.9,39,0.8364,29.33,55,0.07738,0,0,0
mpc,stream,83,453.7,27,0.9429,23.0,14,0.07606,0,0,0
mpc,stream,85,495.6,33,0.7222,35.2,110,0.06472,0,0,0
mpc,stream,84,733.2,34,0.6863,84.62,223,0.08327,0,0,0
mpc,stream,88,659.5,32,0.9091,40.5,41,0.05544,0,0,0
mpc,stream,91,393.4,25,0.8438,21.6,27,0.11361,0,0,0
mpc,stream,90,307.7,27,0.8621,48.25,52,0.10035,0,0,0
mpc,stream,87,516.7,40,0.7544,41.64,102,0.08873,0,0,0
mpc,stream,92,349.9,27,0.9032,33.0,17,0.07848,0,0,0
mpc,stream,93,313.5,25,0.8235,63.5,93,0.08286,0,0,0
mpc,stream,89,766.1,43,0.7541,62.47,264,0.06568,0,0,0
mpc,stream,95,612.9,31,0.78,57.18,116,0.07317,0,0,0
mpc,stream,94,402.0,31,0.7674,80.1,170,0.06516,0,0,0
mpc,stream,96,401.9,24,0.8571,46.2,36,0.06355,0,0,0
mpc,stream,97,328.8,24,0.8387,54.4,58,0.04253,0,0,0
mpc,stream,99,337.4,23,0.9355,31.5,15,0.03838,0,0,0
mpc,stream,98,265.3,21,0.76,45.0,62,0.07813,0,0,0
mpc,stream,100,398.8,22,0.7241,52.38,121,0.10304,0,0,0
mpc,stream,101,356.4,23,0.7857,74.33,91,0.10198,0,0,0
mpc,stream,104,209.4,18,0.8571,65.67,83,0.14054,0,0,0
mpc,stream,102,372.3,27,0.8788,50.25,50,0.0318,0,0,0
mpc,stream,105,273.4,21,0.8333,49.0,79,0.08222,0,0,0
mpc,stream,107,456.2,20,0.8,27.4,49,0.13436,0,0,0
mpc,stream,103,389.6,26,0.6111,104.57,222,0.07542,0,0,0
mpc,stream,106,202.9,16,0.7647,108.75,163,0.14965,0,0,0
mpc,stream,108,254.4,17,0.8333,41.5,58,0.10519,0,0,0
mpc,stream,109,289.7,27,0.8529,61.2,38,0.05967,0,0,0
mpc,stream,112,143.4,12,0.8462,17.5,5,0.12894,0,0,0
mpc,stream,110,166.6,17,0.7619,21.8,25,0.12488,0,0,0
mpc,stream,111,533.7,27,0.8974,48.25,81,0.04521,0,0,0
mpc,stream,113,350.3,26,0.8788,29.25,23,0.08404,0,0,0
mpc,stream,117,161.3,17,0.7059,17.6,25,0.04096,0,0,0
mpc,stream,114,258.3,23,0.7407,23.71,35,0.09576,0,0,0
mpc,stream,118,135.7,11,0.6923,18.0,22,0.10134,0,0,0
mpc,stream,116,237.8,21,0.8696,33.33,35,0.13286,0,0,0
mpc,stream,119,237.9,18,0.7619,39.8,30,0.14193,0,0,0
mpc,stream,115,436.8,27,0.8235,41.17,73,0.0775,0,0,0
mpc,stream,120,269.1,21,0.8462,34.5,43,0.09466,0,0,0
mpc,stream,123,133.3,9,1.0,0.0,0,0.18448,0,0,0
mpc,stream,121,397.4,19,0.8077,50.6,47,0.12413,0,0,0
mpc,stream,122,215.4,18,0.8095,13.25,18,0.15445,0,0,0
mpc,stream,124,166.3,13,0.8889,56.0,4,0.07022,0,0,0
mpc,stream,126,323.4,20,0.8667,22.5,16,0.11678,0,0,0
mpc,stream,125,212.3,17,0.4783,85.25,187,0.07245,0,2,0
mpc,stream,127,175.7,14,0.7778,29.25,25,0.08547,0,0,0
mpc,stream,128,151.8,17,0.9412,22.0,22,0.21357,0,0,0
mpc,stream,129,154.2,21,0.7407,41.71,65,0.07943,0,0,0
mpc,stream,131,123.0,10,0.8182,39.5,21,0.08236,0,0,0
mpc,stream,132,335.1,19,0.85,14.67,12,0.10176,0,0,0
mpc,stream,130,130.4,16,0.6667,37.43,79,0.03751,0,0,0
mpc,stream,133,265.7,17,0.9,136.0,105,0.10619,0,0,0
mpc,stream,134,430.5,24,0.8667,27.5,28,0.0411,0,0,0
mpc,stream,136,305.3,21,0.931,40.5,22,0.07807,0,0,0
mpc,stream,137,391.3,24,0.7857,44.17,47,0.127,0,0,0
mpc,stream,141,234.5,18,0.9091,20.0,13,0.05752,0,0,0
mpc,stream,140,515.1,26,0.9722,2.0,2,0.02721,0,0,0
mpc,stream,135,227.6,23,0.8,64.0,119,0.06924,0,0,0
mpc,stream,138,247.5,27,0.8065,24.33,40,0.047,0,0,0
mpc,stream,139,399.3,25,0.9394,90.0,73,0.10071,0,0,0
mpc,stream,142,401.4,26,0.8529,91.4,191,0.08292,0,0,0
mpc,stream,143,241.6,25,0.75,56.86,132,0.07848,0,0,0
mpc,stream,144,463.9,25,0.8387,33.6,40,0.06369,0,0,0
