arm,seed,vertex_collisions,swap_collisions,replans,disturb_events,replans_per_disturb,steps_stuck
fifo,1,0,0,30,6,5.0,0
fifo,2,0,0,67,10,6.7,550
fifo,3,0,0,42,15,2.8,158
fifo,4,0,0,260,6,43.33,274
fifo,5,0,0,51,9,5.67,462
fifo,6,0,0,112,9,12.44,541
fifo,7,0,0,11,13,0.85,0
fifo,8,0,0,37,15,2.47,107
fifo,9,0,0,64,12,5.33,309
fifo,10,0,0,28,10,2.8,653
fifo,11,0,0,41,7,5.86,185
fifo,12,0,0,76,17,4.47,443
fifo,13,0,0,167,10,16.7,0
fifo,14,0,0,79,10,7.9,0
fifo,15,0,0,45,6,7.5,371
fifo,16,0,0,48,4,12.0,0
fifo,17,0,0,125,11,11.36,269
fifo,18,0,0,47,11,4.27,483
fifo,19,0,0,102,12,8.5,31
fifo,20,0,0,101,8,12.62,79
fifo,21,0,0,80,10,8.0,205
fifo,22,0,0,70,13,5.38,919
fifo,23,0,0,65,11,5.91,318
fifo,24,0,0,66,8,8.25,491
fifo,25,0,0,77,10,7.7,85
fifo,26,0,0,15,9,1.67,352
fifo,27,0,0,41,11,3.73,610
fifo,28,0,0,48,15,3.2,479
fifo,29,0,0,56,13,4.31,202
fifo,30,0,0,19,4,4.75,302
fifo,31,0,0,105,5,21.0,0
fifo,32,0,0,119,8,14.88,426
fifo,33,0,0,34,8,4.25,615
fifo,34,0,0,23,10,2.3,0
fifo,35,0,0,113,11,10.27,335
fifo,36,0,0,26,8,3.25,375
fifo,37,0,0,180,9,20.0,259
fifo,38,0,0,75,10,7.5,440
fifo,39,0,0,71,6,11.83,257
fifo,40,0,0,85,11,7.73,306
fifo,41,0,0,218,6,36.33,80
fifo,42,0,0,30,5,6.0,388
fifo,43,0,0,56,12,4.67,200
fifo,44,0,0,63,6,10.5,113
fifo,45,0,0,114,6,19.0,564
fifo,46,0,0,52,9,5.78,316
fifo,47,0,0,79,13,6.08,307
fifo,48,0,0,61,8,7.62,213
rush,1,0,0,83,6,13.83,229
rush,2,0,0,64,10,6.4,233
rush,3,0,0,71,15,4.73,220
rush,4,0,0,156,6,26.0,617
rush,5,0,0,161,9,17.89,162
rush,6,0,0,112,9,12.44,537
rush,7,0,0,98,13,7.54,119
rush,8,0,0,68,15,4.53,181
rush,9,0,0,120,12,10.0,985
rush,10,0,0,60,10,6.0,714
rush,11,0,0,102,7,14.57,214
rush,12,0,0,157,17,9.24,260
rush,13,0,0,194,10,19.4,0
rush,14,0,0,40,10,4.0,537
rush,15,0,0,111,6,18.5,363
rush,16,0,0,80,4,20.0,0
rush,17,0,0,185,11,16.82,265
rush,18,0,0,102,11,9.27,115
rush,19,0,0,157,12,13.08,124
rush,20,0,0,96,8,12.0,448
rush,21,0,0,98,10,9.8,34
rush,22,0,0,99,13,7.62,479
rush,23,0,0,140,11,12.73,325
rush,24,0,0,102,8,12.75,105
rush,25,0,0,98,10,9.8,227
rush,26,0,0,111,9,12.33,278
rush,27,0,0,69,11,6.27,412
rush,28,0,0,103,15,6.87,542
rush,29,0,0,74,13,5.69,933
rush,30,0,0,150,4,37.5,0
rush,31,0,0,147,5,29.4,0
rush,32,0,0,97,8,12.12,501
rush,33,0,0,79,8,9.88,532
rush,34,0,0,144,10,14.4,65
rush,35,0,0,68,11,6.18,177
rush,36,0,0,122,8,15.25,228
rush,37,0,0,186,9,20.67,277
rush,38,0,0,55,10,5.5,236
rush,39,0,0,172,6,28.67,453
rush,40,0,0,65,11,5.91,438
rush,41,0,0,150,6,25.0,0
rush,42,0,0,142,5,28.4,74
rush,43,0,0,71,12,5.92,676
rush,44,0,0,103,6,17.17,458
rush,45,0,0,204,6,34.0,0
rush,46,0,0,69,9,7.67,290
rush,47,0,0,126,13,9.69,169
rush,48,0,0,132,8,16.5,388
champ,1,0,0,58,6,9.67,31
champ,2,0,0,94,10,9.4,659
champ,3,0,0,65,15,4.33,220
champ,4,0,0,245,6,40.83,316
champ,5,0,0,119,9,13.22,374
champ,6,0,0,148,9,16.44,206
champ,7,0,0,102,13,7.85,279
champ,8,0,0,106,15,7.07,367
champ,9,0,0,116,12,9.67,227
champ,10,0,0,136,10,13.6,282
champ,11,0,0,139,7,19.86,0
champ,12,0,0,155,17,9.12,127
champ,13,0,0,147,10,14.7,462
champ,14,0,0,87,10,8.7,601
champ,15,0,0,81,6,13.5,69
champ,16,0,0,105,4,26.25,0
champ,17,0,0,207,11,18.82,165
champ,18,0,0,110,11,10.0,550
champ,19,0,0,159,12,13.25,604
champ,20,0,0,78,8,9.75,421
champ,21,0,0,112,10,11.2,401
champ,22,0,0,108,13,8.31,153
champ,23,0,0,140,11,12.73,503
champ,24,0,0,107,8,13.38,0
champ,25,0,0,135,10,13.5,190
champ,26,0,0,148,9,16.44,291
champ,27,0,0,86,11,7.82,0
champ,28,0,0,147,15,9.8,785
champ,29,0,0,73,13,5.62,767
champ,30,0,0,97,4,24.25,0
champ,31,0,0,103,5,20.6,0
champ,32,0,0,118,8,14.75,252
champ,33,0,0,111,8,13.88,76
champ,34,0,0,177,10,17.7,121
champ,35,0,0,54,11,4.91,297
champ,36,0,0,121,8,15.12,367
champ,37,0,0,180,9,20.0,201
champ,38,0,0,124,10,12.4,776
champ,39,0,0,73,6,12.17,725
champ,40,0,0,78,11,7.09,0
champ,41,0,0,162,6,27.0,80
champ,42,0,0,154,5,30.8,0
champ,43,0,0,132,12,11.0,0
champ,44,0,0,124,6,20.67,157
champ,45,0,0,112,6,18.67,0
champ,46,0,0,116,9,12.89,364
champ,47,0,0,142,13,10.92,296
champ,48,0,0,126,8,15.75,485
mpc,1,0,0,58,6,9.67,31
mpc,2,0,0,88,10,8.8,553
mpc,3,0,0,73,15,4.87,220
mpc,4,0,0,245,6,40.83,316
mpc,5,0,0,119,9,13.22,374
mpc,6,0,0,130,9,14.44,292
mpc,7,0,0,102,13,7.85,279
mpc,8,0,0,78,15,5.2,294
mpc,9,0,0,89,12,7.42,257
mpc,10,0,0,125,10,12.5,481
mpc,11,0,0,133,7,19.0,41
mpc,12,0,0,132,17,7.76,340
mpc,13,0,0,147,10,14.7,462
mpc,14,0,0,87,10,8.7,601
mpc,15,0,0,81,6,13.5,69
mpc,16,0,0,105,4,26.25,0
mpc,17,0,0,207,11,18.82,165
mpc,18,0,0,110,11,10.0,550
mpc,19,0,0,169,12,14.08,604
mpc,20,0,0,94,8,11.75,65
mpc,21,0,0,112,10,11.2,401
mpc,22,0,0,147,13,11.31,580
mpc,23,0,0,140,11,12.73,503
mpc,24,0,0,107,8,13.38,0
mpc,25,0,0,122,10,12.2,386
mpc,26,0,0,148,9,16.44,291
mpc,27,0,0,86,11,7.82,0
mpc,28,0,0,143,15,9.53,393
mpc,29,0,0,73,13,5.62,767
mpc,30,0,0,96,4,24.0,0
mpc,31,0,0,103,5,20.6,0
mpc,32,0,0,80,8,10.0,377
mpc,33,0,0,121,8,15.12,452
mpc,34,0,0,145,10,14.5,167
mpc,35,0,0,54,11,4.91,297
mpc,36,0,0,121,8,15.12,367
mpc,37,0,0,180,9,20.0,201
mpc,38,0,0,124,10,12.4,776
mpc,39,0,0,72,6,12.0,725
mpc,40,0,0,78,11,7.09,0
mpc,41,0,0,162,6,27.0,80
mpc,42,0,0,154,5,30.8,0
mpc,43,0,0,111,12,9.25,242
mpc,44,0,0,124,6,20.67,157
mpc,45,0,0,112,6,18.67,0
mpc,46,0,0,94,9,10.44,194
mpc,47,0,0,145,13,11.15,665
mpc,48,0,0,129,8,16.12,352
