config,arm,n_seeds,mean_value,vs_fixed_pct,t_stat,frozen,stranded,trips,mean_P,mean_theta,mean_cap
large-8-6,fixed,36,880.07,0.00,0.00,0,8,18903,1.50,0.40,2.00
large-8-6,mpc,36,881.42,0.15,1.52,0,7,19546,1.52,0.41,1.99
medium-5-4,fixed,36,847.47,0.00,0.00,0,7,9029,1.50,0.40,2.00
medium-5-4,mpc,36,848.65,0.14,1.25,0,7,9084,1.51,0.40,2.00
small-4-3,fixed,36,846.96,0.00,0.00,0,0,4812,1.50,0.40,2.00
small-4-3,mpc,36,846.74,-0.03,-0.54,0,0,4829,1.51,0.40,1.98
extralarge-12-8,fixed,36,856.22,0.00,0.00,0,5,27636,1.50,0.40,2.00
extralarge-12-8,mpc,36,861.28,0.59,1.42,0,5,28484,1.51,0.40,1.99
large-12-8,fixed,36,865.97,0.00,0.00,0,4,32063,1.50,0.40,2.00
large-12-8,mpc,36,870.53,0.53,1.62,0,2,33553,1.52,0.41,2.00
large-5-4,fixed,36,804.23,0.00,0.00,0,5,7903,1.50,0.40,2.00
large-5-4,mpc,36,806.66,0.30,1.59,0,5,8033,1.56,0.40,2.00
extralarge-16-9,fixed,36,839.49,0.00,0.00,0,5,36567,1.50,0.40,2.00
extralarge-16-9,mpc,36,849.14,1.15,1.92,0,5,36131,1.52,0.40,2.01
medium-8-6,fixed,36,906.24,0.00,0.00,0,3,21841,1.50,0.40,2.00
medium-8-6,mpc,36,909.15,0.32,1.01,0,3,21654,1.54,0.40,1.94
extralarge-16-9,fixed,36,754.22,0.00,0.00,0,8,32696,1.50,0.40,2.00
extralarge-16-9,mpc,36,756.03,0.24,0.80,0,8,32764,1.52,0.40,1.90
extralarge-16-9,fixed,36,681.35,0.00,0.00,0,8,32045,1.50,0.40,2.00
extralarge-16-9,mpc,36,687.48,0.90,2.16,0,5,33195,1.49,0.41,1.98
large-12-8,fixed,36,777.82,0.00,0.00,0,3,32722,1.50,0.40,2.00
large-12-8,mpc,36,781.62,0.49,1.23,0,5,36130,1.53,0.42,1.99
large-5-4,fixed,36,771.29,0.00,0.00,0,3,9881,1.50,0.40,2.00
large-5-4,mpc,36,773.23,0.25,1.28,0,3,9874,1.52,0.40,2.00
large-8-6,fixed,36,799.53,0.00,0.00,0,2,19137,1.50,0.40,2.00
large-8-6,mpc,36,804.96,0.68,1.16,0,2,19891,1.51,0.41,2.00
large-8-6,fixed,36,763.89,0.00,0.00,0,4,24076,1.50,0.40,2.00
large-8-6,mpc,36,764.13,0.03,0.25,0,5,24358,1.51,0.41,1.96
large-8-6,fixed,36,694.14,0.00,0.00,0,3,21666,1.50,0.40,2.00
large-8-6,mpc,36,694.21,0.01,0.20,0,3,22149,1.52,0.40,2.00
extralarge-12-8,fixed,36,740.33,0.00,0.00,0,4,29580,1.50,0.40,2.00
extralarge-12-8,mpc,36,745.27,0.67,2.06,0,4,30325,1.50,0.41,1.96
medium-5-4,fixed,36,776.50,0.00,0.00,0,2,10602,1.50,0.40,2.00
medium-5-4,mpc,36,779.02,0.32,1.86,0,2,11451,1.52,0.41,2.00
medium-8-6,fixed,36,818.41,0.00,0.00,0,1,19948,1.50,0.40,2.00
medium-8-6,mpc,36,818.65,0.03,1.00,0,1,20397,1.51,0.41,2.00
medium-8-6,fixed,36,790.50,0.00,0.00,0,2,26177,1.50,0.40,2.00
medium-8-6,mpc,36,790.56,0.01,1.00,0,3,26929,1.52,0.40,2.00
medium-8-6,fixed,36,717.67,0.00,0.00,0,2,23176,1.50,0.40,2.00
medium-8-6,mpc,36,717.67,0.00,0.00,0,2,23106,1.50,0.40,2.00
large-16-9,fixed,36,854.01,0.00,0.00,0,3,41357,1.50,0.40,2.00
large-16-9,mpc,36,857.44,0.40,2.71,0,3,42294,1.52,0.40,1.99
medium-12-8,fixed,36,871.12,0.00,0.00,0,1,35980,1.50,0.40,2.00
medium-12-8,mpc,36,876.53,0.62,1.98,0,1,37977,1.53,0.41,1.98
medium-12-8,fixed,36,801.40,0.00,0.00,0,2,36897,1.50,0.40,2.00
medium-12-8,mpc,36,807.91,0.81,1.30,0,2,38503,1.54,0.41,1.99
extralarge-8-6,fixed,36,870.72,0.00,0.00,0,7,14653,1.50,0.40,2.00
extralarge-8-6,mpc,36,868.73,-0.23,-1.70,0,6,14728,1.49,0.41,1.99
extralarge-8-6,fixed,36,747.01,0.00,0.00,0,4,16863,1.50,0.40,2.00
extralarge-8-6,mpc,36,746.97,-0.01,-0.06,0,4,17874,1.51,0.41,1.96
extralarge-8-6,fixed,36,687.47,0.00,0.00,0,7,24876,1.50,0.40,2.00
extralarge-8-6,mpc,36,686.31,-0.17,-1.15,0,7,25216,1.54,0.40,1.98
extralarge-8-6,fixed,36,633.94,0.00,0.00,0,4,21110,1.50,0.40,2.00
extralarge-8-6,mpc,36,634.07,0.02,0.12,0,4,22406,1.49,0.41,1.97
largedual-8-6,fixed,36,837.86,0.00,0.00,0,10,13543,1.50,0.40,2.00
largedual-8-6,mpc,36,841.11,0.39,0.95,0,11,13794,1.52,0.40,1.99
largedual-8-6,fixed,36,713.16,0.00,0.00,0,4,15349,1.50,0.40,2.00
largedual-8-6,mpc,36,714.52,0.19,1.15,0,4,15220,1.52,0.40,1.99
largedual-8-6,fixed,36,670.87,0.00,0.00,1,6,23591,1.50,0.40,2.00
largedual-8-6,mpc,36,671.12,0.04,0.91,0,5,23204,1.52,0.40,2.01
largedual-8-6,fixed,36,609.36,0.00,0.00,0,3,19618,1.50,0.40,2.00
largedual-8-6,mpc,36,609.73,0.06,1.43,0,4,19694,1.50,0.40,1.96
largedual-12-8,fixed,36,834.41,0.00,0.00,0,6,25715,1.50,0.40,2.00
largedual-12-8,mpc,36,833.62,-0.09,-1.40,0,8,25701,1.51,0.40,1.97
largedual-12-8,fixed,36,755.58,0.00,0.00,0,6,26938,1.50,0.40,2.00
largedual-12-8,mpc,36,756.61,0.14,1.13,0,5,29996,1.49,0.41,2.00
small-8-6,fixed,36,878.66,0.00,0.00,0,1,24197,1.50,0.40,2.00
small-8-6,mpc,36,878.77,0.01,0.20,0,1,23334,1.52,0.40,1.98
extralarge-19-9,fixed,36,827.53,0.00,0.00,0,3,37170,1.50,0.40,2.00
extralarge-19-9,mpc,36,839.03,1.39,1.69,0,5,37563,1.56,0.41,1.98
extralarge-19-9,fixed,36,712.74,0.00,0.00,2,5,37032,1.50,0.40,2.00
extralarge-19-9,mpc,36,715.77,0.43,1.36,0,4,37888,1.50,0.41,1.97
mediumdual-5-4,fixed,36,815.15,0.00,0.00,0,11,7800,1.50,0.40,2.00
mediumdual-5-4,mpc,36,816.40,0.15,1.65,0,10,7619,1.52,0.40,2.00
mediumdual-5-4,fixed,36,715.89,0.00,0.00,0,2,8863,1.50,0.40,2.00
mediumdual-5-4,mpc,36,717.51,0.23,1.91,0,2,9149,1.52,0.41,2.00
large-3-2,fixed,36,706.12,0.00,0.00,0,4,1869,1.50,0.40,2.00
large-3-2,mpc,36,706.43,0.04,1.36,0,4,1880,1.50,0.40,2.00
large-3-2,fixed,36,675.23,0.00,0.00,0,1,2349,1.50,0.40,2.00
large-3-2,mpc,36,677.11,0.28,1.62,0,1,2275,1.52,0.40,2.00
tiny-4-3,fixed,36,895.75,0.00,0.00,0,1,5882,1.50,0.40,2.00
tiny-4-3,mpc,36,897.05,0.15,1.69,0,1,5933,1.52,0.40,2.00
tiny-4-3,fixed,36,778.83,0.00,0.00,0,0,7567,1.50,0.40,2.00
tiny-4-3,mpc,36,779.26,0.06,1.06,0,0,7794,1.51,0.40,2.00
tiny-4-3,fixed,36,753.18,0.00,0.00,0,1,11141,1.50,0.40,2.00
tiny-4-3,mpc,36,753.18,0.00,0.00,0,1,11638,1.50,0.40,2.00
tiny-4-3,fixed,36,754.81,0.00,0.00,0,2,10477,1.50,0.40,2.00
tiny-4-3,mpc,36,755.00,0.03,1.00,0,2,10547,1.51,0.40,2.00
largedual-16-9,fixed,36,813.43,0.00,0.00,0,5,33995,1.50,0.40,2.00
largedual-16-9,mpc,36,814.32,0.11,0.47,0,6,35318,1.52,0.41,2.01
extralargedual-12-8,fixed,36,794.34,0.00,0.00,0,10,18899,1.50,0.40,2.00
extralargedual-12-8,mpc,36,795.53,0.15,0.94,0,10,19026,1.52,0.40,1.97
extralargedual-12-8,fixed,36,716.64,0.00,0.00,0,9,25749,1.50,0.40,2.00
extralargedual-12-8,mpc,36,716.34,-0.04,-0.10,0,9,26112,1.49,0.40,1.96
largedual-16-9,fixed,36,709.58,0.00,0.00,0,9,31298,1.50,0.40,2.00
largedual-16-9,mpc,36,710.44,0.12,0.19,0,8,33300,1.53,0.41,1.98
small-4-3,fixed,36,763.63,0.00,0.00,0,1,5913,1.50,0.40,2.00
small-4-3,mpc,36,763.13,-0.07,-1.00,0,1,5924,1.50,0.40,2.00
small-4-3,fixed,36,731.26,0.00,0.00,0,3,10536,1.50,0.40,2.00
small-4-3,mpc,36,731.24,-0.00,-0.21,0,3,10531,1.50,0.40,2.00
small-4-3,fixed,36,666.65,0.00,0.00,0,5,8288,1.50,0.40,2.00
small-4-3,mpc,36,667.03,0.06,1.37,0,5,8200,1.50,0.40,2.00
small-8-6,fixed,36,818.21,0.00,0.00,0,2,22168,1.50,0.40,2.00
small-8-6,mpc,36,818.65,0.05,1.00,0,2,22395,1.51,0.40,2.00
small-8-6,fixed,36,780.36,0.00,0.00,0,0,27884,1.50,0.40,2.00
small-8-6,mpc,36,779.70,-0.08,-0.59,0,0,28152,1.52,0.40,1.99
large-8-3,fixed,36,829.49,0.00,0.00,0,10,2960,1.50,0.40,2.00
large-8-3,mpc,36,829.49,0.00,0.00,0,10,2960,1.49,0.40,2.02
large-8-9,fixed,36,854.81,0.00,0.00,1,6,37167,1.50,0.40,2.00
large-8-9,mpc,36,854.35,-0.05,-1.30,1,6,37511,1.50,0.41,2.00
large-8-9,fixed,36,814.55,0.00,0.00,0,3,38107,1.50,0.40,2.00
large-8-9,mpc,36,812.25,-0.28,-0.62,0,3,38277,1.52,0.41,2.00
large-8-9,fixed,36,733.23,0.00,0.00,3,2,45298,1.50,0.40,2.00
large-8-9,mpc,36,738.58,0.73,1.68,2,2,46215,1.53,0.40,2.00
medium-16-9,fixed,36,846.66,0.00,0.00,0,0,44396,1.50,0.40,2.00
medium-16-9,mpc,36,848.83,0.26,1.79,0,0,44940,1.50,0.40,2.04
large-8-6,fixed,4,878.50,0.00,0.00,0,1,1212,1.50,0.40,2.00
large-8-6,mpc,4,878.50,0.00,0.00,0,1,1449,1.50,0.43,2.00
medium-16-9,fixed,36,761.22,0.00,0.00,0,3,39687,1.50,0.40,2.00
medium-16-9,mpc,36,764.77,0.47,1.63,0,2,41967,1.50,0.41,1.94
extralarge-5-4,fixed,36,801.44,0.00,0.00,0,9,6439,1.50,0.40,2.00
extralarge-5-4,mpc,36,801.23,-0.03,-0.33,0,10,6629,1.51,0.41,1.99
largedual-5-4,fixed,36,765.74,0.00,0.00,0,8,7519,1.50,0.40,2.00
largedual-5-4,mpc,36,766.90,0.15,0.72,0,8,7544,1.52,0.40,2.00
smalldual-4-3,fixed,36,791.59,0.00,0.00,0,5,3885,1.50,0.40,2.00
smalldual-4-3,mpc,36,791.88,0.04,1.05,0,5,3887,1.49,0.40,2.00
smalldual-4-3,fixed,36,702.11,0.00,0.00,0,1,5065,1.50,0.40,2.00
smalldual-4-3,mpc,36,702.43,0.05,1.39,0,1,5128,1.50,0.40,2.00
smalldual-4-3,fixed,36,692.02,0.00,0.00,0,5,9659,1.50,0.40,2.00
smalldual-4-3,mpc,36,692.02,0.00,0.00,0,5,9659,1.50,0.40,2.00
smalldual-4-3,fixed,36,639.33,0.00,0.00,0,5,7778,1.50,0.40,2.00
smalldual-4-3,mpc,36,640.50,0.18,0.80,0,5,7741,1.51,0.40,2.00
extralarge-16-6,fixed,36,829.92,0.00,0.00,0,8,14401,1.50,0.40,2.00
extralarge-16-6,mpc,36,829.70,-0.03,-0.17,0,7,14327,1.50,0.40,2.02
medium-3-2,fixed,36,757.72,0.00,0.00,0,4,1397,1.50,0.40,2.00
medium-3-2,mpc,36,757.79,0.01,1.00,0,4,1398,1.50,0.40,2.00
medium-3-2,fixed,36,692.18,0.00,0.00,0,2,2591,1.50,0.40,2.00
medium-3-2,mpc,36,690.83,-0.20,-1.00,0,2,2560,1.50,0.40,2.00
large-19-5,fixed,36,813.78,0.00,0.00,0,4,14805,1.50,0.40,2.00
large-19-5,mpc,36,813.63,-0.02,-0.66,0,4,14542,1.50,0.40,2.00
mediumdual-12-8,fixed,36,873.03,0.00,0.00,0,5,28825,1.50,0.40,2.00
mediumdual-12-8,mpc,36,873.63,0.07,0.35,0,4,29928,1.51,0.41,2.01
extralarge-16-6,fixed,36,732.87,0.00,0.00,1,11,18488,1.50,0.40,2.00
extralarge-16-6,mpc,36,735.90,0.41,1.29,2,10,18363,1.50,0.40,1.93
extralarge-5-4,fixed,36,704.92,0.00,0.00,0,3,8361,1.50,0.40,2.00
extralarge-5-4,mpc,36,705.28,0.05,0.34,0,3,8671,1.51,0.41,2.00
large-19-5,fixed,36,746.93,0.00,0.00,0,3,14747,1.50,0.40,2.00
large-19-5,mpc,36,749.74,0.38,0.70,1,3,14974,1.52,0.41,2.03
large-8-3,fixed,36,777.77,0.00,0.00,0,2,5215,1.50,0.40,2.00
large-8-3,mpc,36,778.25,0.06,1.00,0,2,5147,1.51,0.40,1.98
largedual-5-4,fixed,36,672.72,0.00,0.00,0,1,8517,1.50,0.40,2.00
largedual-5-4,mpc,36,673.89,0.17,1.15,0,1,8834,1.51,0.40,2.00
largedual-5-4,fixed,36,629.04,0.00,0.00,0,5,15343,1.50,0.40,2.00
largedual-5-4,mpc,36,629.01,-0.00,-1.00,0,5,15302,1.50,0.40,2.00
mediumdual-12-8,fixed,36,749.44,0.00,0.00,0,5,32755,1.50,0.40,2.00
mediumdual-12-8,mpc,36,749.55,0.02,0.54,0,4,33925,1.51,0.40,1.98
mediumdual-12-8,fixed,36,749.44,0.00,0.00,0,5,32755,1.50,0.40,2.00
mediumdual-12-8,mpc,36,749.55,0.02,0.54,0,4,33925,1.51,0.40,1.98
mediumdual-12-8,fixed,36,689.36,0.00,0.00,0,0,32339,1.50,0.40,2.00
mediumdual-12-8,mpc,36,689.06,-0.04,-0.17,0,0,34157,1.50,0.42,1.98
extralarge-16-6,fixed,36,652.97,0.00,0.00,0,0,18414,1.50,0.40,2.00
extralarge-16-6,mpc,36,659.69,1.03,1.94,0,0,20782,1.50,0.41,1.98
extralarge-16-6,fixed,36,598.01,0.00,0.00,0,0,21493,1.50,0.40,2.00
extralarge-16-6,mpc,36,604.48,1.08,2.05,0,0,21335,1.50,0.41,2.02
extralarge-5-4,fixed,36,621.83,0.00,0.00,0,0,17172,1.50,0.40,2.00
extralarge-5-4,mpc,36,623.35,0.24,0.48,0,0,17625,1.52,0.40,2.00
extralargedual-12-8,fixed,36,642.96,0.00,0.00,0,0,27469,1.50,0.40,2.00
extralargedual-12-8,mpc,36,644.57,0.25,2.25,0,0,27132,1.50,0.40,2.00
extralargedual-12-8,fixed,36,635.47,0.00,0.00,0,0,26770,1.50,0.40,2.00
extralargedual-12-8,mpc,36,644.91,1.49,1.57,0,0,29535,1.50,0.42,1.98
large-19-5,fixed,36,699.48,0.00,0.00,3,0,14037,1.50,0.40,2.00
large-19-5,mpc,36,717.46,2.57,3.21,3,0,14224,1.52,0.41,2.10
large-19-5,fixed,36,668.04,0.00,0.00,0,0,17132,1.50,0.40,2.00
large-19-5,mpc,36,673.91,0.88,1.19,0,0,18443,1.51,0.42,2.05
large-8-3,fixed,36,728.04,0.00,0.00,0,0,10590,1.50,0.40,2.00
large-8-3,mpc,36,729.13,0.15,0.40,0,0,9940,1.52,0.39,2.00
large-8-3,fixed,36,662.46,0.00,0.00,0,0,8701,1.50,0.40,2.00
large-8-3,mpc,36,666.49,0.61,2.14,0,0,8512,1.50,0.40,2.00
largedual-12-8,fixed,36,675.64,0.00,0.00,1,0,29223,1.50,0.40,2.00
largedual-12-8,mpc,36,685.89,1.52,1.66,1,0,29263,1.51,0.41,2.00
largedual-12-8,fixed,36,606.96,0.00,0.00,1,0,29510,1.50,0.40,2.00
largedual-12-8,mpc,36,613.11,1.01,1.35,0,0,33389,1.51,0.43,1.99
largedual-16-9,fixed,36,678.22,0.00,0.00,1,0,30836,1.50,0.40,2.00
largedual-16-9,mpc,36,683.72,0.81,2.42,1,0,29410,1.51,0.40,2.03
largedual-16-9,fixed,36,604.38,0.00,0.00,0,0,34444,1.50,0.40,2.00
largedual-16-9,mpc,36,607.68,0.55,1.11,0,0,35671,1.51,0.42,2.05
medium-3-2,fixed,36,639.52,0.00,0.00,0,0,4864,1.50,0.40,2.00
medium-3-2,mpc,36,642.75,0.50,1.42,0,0,4449,1.50,0.39,2.00
medium-3-2,fixed,36,593.65,0.00,0.00,0,0,5485,1.50,0.40,2.00
medium-3-2,mpc,36,609.38,2.65,1.68,0,0,5110,1.50,0.40,2.00
extralarge-5-4,fixed,36,588.41,0.00,0.00,0,0,11176,1.50,0.40,2.00
extralarge-5-4,mpc,36,591.04,0.45,1.39,0,0,10672,1.50,0.39,1.99
large-8-9,fixed,36,697.84,0.00,0.00,1,0,36375,1.50,0.40,2.00
large-8-9,mpc,36,698.31,0.07,0.18,1,0,38321,1.51,0.41,2.01
largedual-5-4,fixed,36,558.01,0.00,0.00,0,0,11014,1.50,0.40,2.00
largedual-5-4,mpc,36,560.84,0.51,1.60,0,0,11957,1.50,0.41,2.00
small-8-6,fixed,36,730.60,0.00,0.00,0,0,22742,1.50,0.40,2.00
small-8-6,mpc,36,728.57,-0.28,-0.72,0,0,24704,1.51,0.40,2.00
medium-19-5,fixed,36,818.85,0.00,0.00,0,0,20057,1.50,0.40,2.00
medium-19-5,mpc,36,829.78,1.33,1.61,0,0,22088,1.50,0.42,2.03
medium-19-5,fixed,36,733.74,0.00,0.00,1,0,19088,1.50,0.40,2.00
medium-19-5,mpc,36,748.78,2.05,1.73,1,0,22227,1.50,0.43,2.01
extralargedual-16-9,fixed,36,776.51,0.00,0.00,0,0,29634,1.50,0.40,2.00
extralargedual-16-9,mpc,36,780.20,0.48,0.94,0,0,30193,1.51,0.41,2.00
extralargedual-16-9,fixed,36,689.64,0.00,0.00,0,0,31774,1.50,0.40,2.00
extralargedual-16-9,mpc,36,704.06,2.09,1.78,0,0,31039,1.51,0.40,1.97
extralargedual-16-9,fixed,36,630.26,0.00,0.00,0,0,28433,1.50,0.40,2.00
extralargedual-16-9,mpc,36,633.69,0.54,0.90,0,0,28968,1.50,0.41,2.01
largedual-3-2,fixed,36,632.92,0.00,0.00,0,0,3692,1.50,0.40,2.00
largedual-3-2,mpc,36,644.54,1.84,1.65,0,0,3317,1.50,0.40,2.00
largedual-3-2,fixed,36,526.53,0.00,0.00,0,0,3933,1.50,0.40,2.00
largedual-3-2,mpc,36,536.54,1.90,1.54,0,0,3354,1.50,0.39,2.00
small-3-2,fixed,36,774.14,0.00,0.00,0,0,3240,1.50,0.40,2.00
small-3-2,mpc,36,775.82,0.22,1.45,0,0,2764,1.50,0.39,2.00
small-3-2,fixed,36,714.82,0.00,0.00,0,0,4101,1.50,0.40,2.00
small-3-2,mpc,36,719.04,0.59,1.08,0,0,4009,1.50,0.40,2.00
small-3-2,fixed,36,639.35,0.00,0.00,0,0,4788,1.50,0.40,2.00
small-3-2,mpc,36,642.20,0.45,1.28,0,0,4830,1.50,0.40,2.00
extralarge-19-5,fixed,36,788.01,0.00,0.00,0,0,16350,1.50,0.40,2.00
extralarge-19-5,mpc,36,792.77,0.60,0.80,0,0,17884,1.50,0.43,2.01
extralarge-19-5,fixed,36,704.17,0.00,0.00,2,0,15867,1.50,0.40,2.00
extralarge-19-5,mpc,36,718.85,2.08,1.90,0,0,16969,1.50,0.41,2.06
extralarge-19-5,fixed,36,636.15,0.00,0.00,1,0,14647,1.50,0.40,2.00
extralarge-19-5,mpc,36,636.57,0.07,0.06,1,0,15013,1.52,0.42,1.98
extralarge-19-5,fixed,36,598.95,0.00,0.00,1,0,15286,1.50,0.40,2.00
extralarge-19-5,mpc,36,602.39,0.57,1.01,1,0,15933,1.52,0.41,2.02
mediumdual-8-6,fixed,36,854.71,0.00,0.00,0,0,17906,1.50,0.40,2.00
mediumdual-8-6,mpc,36,860.76,0.71,1.36,0,0,18663,1.52,0.41,2.00
mediumdual-8-6,fixed,36,764.58,0.00,0.00,0,0,19066,1.50,0.40,2.00
mediumdual-8-6,mpc,36,762.56,-0.26,-0.68,0,0,19983,1.50,0.41,2.00
extralargedual-8-6,fixed,36,756.47,0.00,0.00,0,0,15961,1.50,0.40,2.00
extralargedual-8-6,mpc,36,761.72,0.69,2.07,0,0,16139,1.50,0.41,2.00
tiny-8-6,fixed,36,938.01,0.00,0.00,0,0,27919,1.50,0.40,2.00
tiny-8-6,mpc,36,939.41,0.15,0.42,0,0,28351,1.50,0.41,2.00
tiny-8-6,fixed,36,822.05,0.00,0.00,0,0,21997,1.50,0.40,2.00
tiny-8-6,mpc,36,822.04,-0.00,-0.01,0,0,22992,1.50,0.41,2.00
mediumdual-8-6,fixed,36,719.51,0.00,0.00,0,0,22998,1.50,0.40,2.00
mediumdual-8-6,mpc,36,721.96,0.34,0.94,0,0,23867,1.50,0.40,2.00
mediumdual-8-6,fixed,36,686.96,0.00,0.00,0,0,20700,1.50,0.40,2.00
mediumdual-8-6,mpc,36,689.15,0.32,0.81,0,0,20310,1.50,0.38,2.00
tiny-8-6,fixed,36,795.80,0.00,0.00,0,0,30638,1.50,0.40,2.00
tiny-8-6,mpc,36,797.51,0.21,1.28,0,0,31723,1.50,0.41,2.00
tiny-8-6,fixed,36,749.96,0.00,0.00,0,0,26327,1.50,0.40,2.00
tiny-8-6,mpc,36,758.65,1.16,2.31,0,0,29016,1.50,0.43,2.00
tinydual-4-3,fixed,36,839.89,0.00,0.00,0,0,5566,1.50,0.40,2.00
tinydual-4-3,mpc,36,840.81,0.11,0.82,0,0,5395,1.50,0.41,2.00
tinydual-4-3,fixed,36,769.40,0.00,0.00,0,0,6810,1.50,0.40,2.00
tinydual-4-3,mpc,36,772.58,0.41,1.21,0,0,6750,1.50,0.40,2.00
tinydual-4-3,fixed,36,680.34,0.00,0.00,0,0,10233,1.50,0.40,2.00
tinydual-4-3,mpc,36,682.93,0.38,2.31,0,0,9411,1.51,0.38,2.00
smalldual-8-6,fixed,36,872.76,0.00,0.00,0,0,19812,1.50,0.40,2.00
smalldual-8-6,mpc,36,877.23,0.51,1.61,0,0,20159,1.50,0.40,2.00
smalldual-8-6,fixed,36,775.43,0.00,0.00,0,0,19126,1.50,0.40,2.00
smalldual-8-6,mpc,36,774.84,-0.08,-0.55,0,0,18465,1.49,0.40,2.00
tiny-3-2,fixed,36,834.39,0.00,0.00,1,0,3538,1.50,0.40,2.00
tiny-3-2,mpc,36,837.41,0.36,1.74,1,0,3407,1.50,0.40,2.00
tiny-3-2,fixed,36,722.51,0.00,0.00,0,0,4554,1.50,0.40,2.00
tiny-3-2,mpc,36,723.69,0.16,1.07,0,0,4538,1.50,0.40,2.00
tiny-3-2,fixed,36,707.54,0.00,0.00,0,0,5139,1.50,0.40,2.00
tiny-3-2,mpc,36,705.81,-0.25,-0.43,0,0,4728,1.50,0.40,2.00
tiny-3-2,fixed,36,698.30,0.00,0.00,0,0,6552,1.50,0.40,2.00
tiny-3-2,mpc,36,706.87,1.23,1.76,0,0,6433,1.51,0.40,2.00
mediumdual-16-9,fixed,36,834.23,0.00,0.00,0,0,36191,1.50,0.40,2.00
mediumdual-16-9,mpc,36,842.90,1.04,1.64,0,0,37698,1.49,0.42,2.00
mediumdual-16-9,fixed,36,739.19,0.00,0.00,0,0,34800,1.50,0.40,2.00
mediumdual-16-9,mpc,36,745.04,0.79,0.80,0,0,37451,1.50,0.42,2.06
mediumdual-16-9,fixed,36,702.04,0.00,0.00,1,0,31798,1.50,0.40,2.00
mediumdual-16-9,mpc,36,706.38,0.62,1.05,1,0,33315,1.52,0.41,1.99
extralargedual-5-4,fixed,36,678.95,0.00,0.00,0,0,9326,1.50,0.40,2.00
extralargedual-5-4,mpc,36,685.01,0.89,1.63,0,0,8858,1.50,0.40,2.00
extralargedual-5-4,fixed,36,633.33,0.00,0.00,0,0,9365,1.50,0.40,2.00
extralargedual-5-4,mpc,36,639.24,0.93,1.62,0,0,9167,1.51,0.40,2.00
largedual-19-9,fixed,36,811.31,0.00,0.00,0,0,35750,1.50,0.40,2.00
largedual-19-9,mpc,36,821.68,1.28,1.47,0,0,36325,1.51,0.42,1.95
largedual-19-9,fixed,36,705.10,0.00,0.00,0,0,35559,1.50,0.40,2.00
largedual-19-9,mpc,36,700.94,-0.59,-0.43,0,0,36745,1.52,0.40,1.98
small-5-4,fixed,36,865.18,0.00,0.00,0,0,10656,1.50,0.40,2.00
small-5-4,mpc,36,869.35,0.48,1.25,0,0,11050,1.52,0.41,2.00
small-5-4,fixed,36,809.72,0.00,0.00,0,0,11794,1.50,0.40,2.00
small-5-4,mpc,36,812.45,0.34,1.35,0,0,12245,1.51,0.40,2.01
small-5-4,fixed,36,756.06,0.00,0.00,0,0,18064,1.50,0.40,2.00
small-5-4,mpc,36,756.78,0.09,0.46,0,0,17826,1.50,0.41,2.00
small-5-4,fixed,36,705.31,0.00,0.00,0,0,12906,1.50,0.40,2.00
small-5-4,mpc,36,704.77,-0.08,-0.56,0,0,15058,1.51,0.41,2.00
medium-8-9,fixed,36,890.68,0.00,0.00,1,0,39953,1.50,0.40,2.00
medium-8-9,mpc,36,892.59,0.21,1.23,1,0,40009,1.50,0.40,2.00
medium-8-9,fixed,36,792.32,0.00,0.00,0,0,37503,1.50,0.40,2.00
medium-8-9,mpc,36,801.93,1.21,2.29,0,0,36928,1.49,0.41,2.00
largedual-19-9,fixed,36,659.06,0.00,0.00,3,0,33440,1.50,0.40,2.00
largedual-19-9,mpc,36,676.92,2.71,1.48,1,0,34147,1.51,0.42,2.00
largedual-19-9,fixed,36,586.20,0.00,0.00,0,0,35790,1.50,0.40,2.00
largedual-19-9,mpc,36,590.95,0.81,1.17,0,0,37381,1.50,0.42,1.98
smalldual-8-6,fixed,36,772.79,0.00,0.00,0,0,24987,1.50,0.40,2.00
smalldual-8-6,mpc,36,771.15,-0.21,-0.78,0,0,25819,1.53,0.41,2.00
smalldual-8-6,fixed,36,697.52,0.00,0.00,0,0,21432,1.50,0.40,2.00
smalldual-8-6,mpc,36,699.55,0.29,1.46,0,0,21804,1.53,0.40,2.00
