arm,seed,onv,stranded,charge_trips,theta_mean
fixed,1,878.6,4,96,0.4
fixed,2,405.4,4,91,0.4
fixed,3,319.8,9,77,0.4
fixed,4,701.5,1,121,0.4
fixed,5,557.9,1,130,0.4
fixed,6,502.7,4,88,0.4
fixed,7,762.0,5,73,0.4
fixed,8,421.0,2,128,0.4
fixed,9,878.7,2,108,0.4
fixed,10,450.6,4,97,0.4
fixed,11,389.2,4,77,0.4
fixed,12,774.7,0,142,0.4
fixed,13,857.0,2,95,0.4
fixed,14,696.3,9,68,0.4
fixed,15,460.2,4,108,0.4
fixed,16,825.5,0,103,0.4
fixed,17,782.4,1,123,0.4
fixed,18,510.1,0,134,0.4
fixed,19,627.2,3,94,0.4
fixed,20,574.3,0,146,0.4
fixed,21,1063.4,5,68,0.4
fixed,22,1051.5,2,98,0.4
fixed,23,811.5,1,117,0.4
fixed,24,572.9,4,73,0.4
fixed,25,660.8,2,121,0.4
fixed,26,1144.1,1,100,0.4
fixed,27,603.7,4,121,0.4
fixed,28,653.2,5,55,0.4
fixed,29,872.5,2,84,0.4
fixed,30,853.6,1,117,0.4
fixed,31,722.7,5,61,0.4
fixed,32,643.3,3,105,0.4
fixed,33,1024.5,2,113,0.4
fixed,34,489.4,0,130,0.4
fixed,35,930.6,1,86,0.4
fixed,36,859.6,1,137,0.4
fixed,37,750.5,2,100,0.4
fixed,38,1120.3,0,118,0.4
fixed,39,923.0,2,117,0.4
fixed,40,1116.6,2,102,0.4
fixed,41,851.4,2,138,0.4
fixed,42,1022.7,0,111,0.4
fixed,43,1216.8,2,108,0.4
fixed,44,917.6,0,116,0.4
fixed,45,587.3,0,109,0.4
fixed,46,750.5,2,105,0.4
fixed,47,750.4,4,117,0.4
fixed,48,290.7,9,59,0.4
osc0.07,1,1001.4,0,122,0.4
osc0.07,2,466.9,0,140,0.4
osc0.07,3,393.9,1,140,0.4
osc0.07,4,831.0,0,141,0.4
osc0.07,5,511.0,1,119,0.4
osc0.07,6,408.6,1,84,0.4
osc0.07,7,872.9,6,93,0.4
osc0.07,8,473.7,2,136,0.4
osc0.07,9,825.0,1,96,0.4
osc0.07,10,508.0,2,121,0.4
osc0.07,11,540.8,1,94,0.4
osc0.07,12,918.1,1,114,0.4
osc0.07,13,918.8,4,110,0.4
osc0.07,14,722.6,1,114,0.4
osc0.07,15,861.1,1,119,0.4
osc0.07,16,803.1,2,100,0.4
osc0.07,17,839.7,2,104,0.4
osc0.07,18,550.7,1,125,0.4
osc0.07,19,887.9,1,133,0.4
osc0.07,20,935.1,4,90,0.4
osc0.07,21,1085.0,0,122,0.4
osc0.07,22,1117.4,1,101,0.4
osc0.07,23,844.2,2,128,0.4
osc0.07,24,682.8,2,117,0.4
osc0.07,25,721.9,0,134,0.4
osc0.07,26,1170.3,1,107,0.4
osc0.07,27,565.2,0,138,0.4
osc0.07,28,635.0,5,65,0.4
osc0.07,29,1047.7,2,106,0.4
osc0.07,30,669.8,2,99,0.4
osc0.07,31,917.4,1,95,0.4
osc0.07,32,652.6,3,104,0.4
osc0.07,33,883.3,0,125,0.4
osc0.07,34,658.5,2,113,0.4
osc0.07,35,939.3,2,93,0.4
osc0.07,36,800.5,0,145,0.4
osc0.07,37,948.3,1,115,0.4
osc0.07,38,906.2,2,116,0.4
osc0.07,39,702.5,2,93,0.4
osc0.07,40,1182.2,2,101,0.4
osc0.07,41,1017.8,1,99,0.4
osc0.07,42,1048.4,1,106,0.4
osc0.07,43,996.4,2,112,0.4
osc0.07,44,901.6,2,93,0.4
osc0.07,45,753.1,0,123,0.4
osc0.07,46,832.2,1,124,0.4
osc0.07,47,802.7,2,113,0.4
osc0.07,48,741.1,1,153,0.4
osc0.10,1,940.5,2,111,0.4
osc0.10,2,512.7,0,124,0.4
osc0.10,3,613.4,0,133,0.4
osc0.10,4,720.0,0,140,0.4
osc0.10,5,640.8,1,106,0.4
osc0.10,6,386.1,2,94,0.4
osc0.10,7,805.3,1,117,0.4
osc0.10,8,381.6,4,123,0.4
osc0.10,9,833.5,1,106,0.4
osc0.10,10,466.5,1,141,0.4
osc0.10,11,481.5,3,92,0.4
osc0.10,12,843.5,0,132,0.4
osc0.10,13,1095.6,2,98,0.4
osc0.10,14,666.4,1,120,0.4
osc0.10,15,954.8,2,91,0.4
osc0.10,16,867.4,2,116,0.4
osc0.10,17,772.8,0,118,0.4
osc0.10,18,466.6,2,127,0.4
osc0.10,19,797.3,1,123,0.4
osc0.10,20,574.2,5,81,0.4
osc0.10,21,972.0,0,141,0.4
osc0.10,22,1267.5,2,112,0.4
osc0.10,23,1107.6,2,110,0.4
osc0.10,24,715.5,2,112,0.4
osc0.10,25,644.6,1,133,0.4
osc0.10,26,1169.9,2,99,0.4
osc0.10,27,594.2,4,99,0.4
osc0.10,28,661.0,3,86,0.4
osc0.10,29,1125.0,0,119,0.4
osc0.10,30,939.5,2,97,0.4
osc0.10,31,803.6,2,82,0.4
osc0.10,32,682.0,3,121,0.4
osc0.10,33,887.4,2,111,0.4
osc0.10,34,527.5,4,112,0.4
osc0.10,35,945.9,3,78,0.4
osc0.10,36,783.7,0,138,0.4
osc0.10,37,1021.9,1,110,0.4
osc0.10,38,1043.5,0,125,0.4
osc0.10,39,699.9,0,132,0.4
osc0.10,40,1174.0,1,100,0.4
osc0.10,41,875.7,4,97,0.4
osc0.10,42,1122.8,2,105,0.4
osc0.10,43,1294.3,1,114,0.4
osc0.10,44,1019.8,0,99,0.4
osc0.10,45,820.8,3,109,0.4
osc0.10,46,353.7,1,129,0.4
osc0.10,47,727.8,3,86,0.4
osc0.10,48,862.0,2,115,0.4
mpc,1,914.2,4,99,0.4
mpc,2,486.8,0,121,0.302
mpc,3,184.2,8,74,0.4
mpc,4,757.4,1,111,0.295
mpc,5,583.5,1,121,0.4
mpc,6,619.7,3,67,0.309
mpc,7,892.0,1,133,0.406
mpc,8,382.3,7,91,0.385
mpc,9,994.3,1,109,0.33
mpc,10,421.0,2,139,0.344
mpc,11,416.6,4,88,0.52
mpc,12,842.3,0,105,0.358
mpc,13,804.7,5,77,0.344
mpc,14,847.7,2,104,0.4
mpc,15,931.2,1,117,0.49
mpc,16,868.6,0,102,0.4
mpc,17,789.9,0,133,0.4
mpc,18,537.6,2,109,0.4
mpc,19,720.0,3,111,0.386
mpc,20,879.9,4,108,0.4
mpc,21,870.4,1,113,0.53
mpc,22,1305.3,1,80,0.316
mpc,23,880.5,2,113,0.53
mpc,24,654.2,3,98,0.406
mpc,25,702.8,2,101,0.316
mpc,26,1160.7,2,77,0.4
mpc,27,677.6,2,115,0.344
mpc,28,781.7,1,108,0.354
mpc,29,1047.9,0,127,0.434
mpc,30,971.7,2,89,0.4
mpc,31,648.6,4,74,0.326
mpc,32,669.9,3,87,0.4
mpc,33,1024.5,2,113,0.4
mpc,34,482.1,0,124,0.4
mpc,35,999.6,1,108,0.4
mpc,36,995.2,0,118,0.4
mpc,37,899.8,2,97,0.295
mpc,38,1112.7,2,97,0.4
mpc,39,889.4,1,116,0.413
mpc,40,1145.0,0,123,0.44
mpc,41,780.8,2,127,0.49
mpc,42,943.6,0,115,0.4
mpc,43,1024.0,4,94,0.344
mpc,44,918.8,0,120,0.49
mpc,45,717.7,0,120,0.4
mpc,46,765.8,3,86,0.374
mpc,47,782.2,2,123,0.379
mpc,48,667.2,4,118,0.4
mpc_osc0.10,1,955.6,1,110,0.3125
mpc_osc0.10,2,521.5,2,101,0.2535
mpc_osc0.10,3,506.2,0,119,0.3525
mpc_osc0.10,4,769.1,1,107,0.257
mpc_osc0.10,5,652.2,0,116,0.2325
mpc_osc0.10,6,691.7,1,88,0.264
mpc_osc0.10,7,761.5,1,119,0.3125
mpc_osc0.10,8,425.6,3,118,0.2695
mpc_osc0.10,9,904.0,2,96,0.285
mpc_osc0.10,10,478.8,1,146,0.33
mpc_osc0.10,11,522.6,3,64,0.264
mpc_osc0.10,12,847.8,1,117,0.335
mpc_osc0.10,13,1132.2,2,109,0.257
mpc_osc0.10,14,743.8,1,116,0.2625
mpc_osc0.10,15,978.0,0,100,0.27
mpc_osc0.10,16,863.6,3,99,0.295
mpc_osc0.10,17,829.8,1,107,0.325
mpc_osc0.10,18,510.1,1,84,0.2695
mpc_osc0.10,19,878.9,1,127,0.291
mpc_osc0.10,20,802.2,5,107,0.2825
mpc_osc0.10,21,1115.8,3,91,0.2535
mpc_osc0.10,22,1086.5,2,108,0.3925
mpc_osc0.10,23,1097.3,1,118,0.2525
mpc_osc0.10,24,744.5,1,104,0.363
mpc_osc0.10,25,694.3,0,118,0.305
mpc_osc0.10,26,1161.9,2,70,0.2895
mpc_osc0.10,27,683.2,0,126,0.274
mpc_osc0.10,28,791.9,6,54,0.2725
mpc_osc0.10,29,980.6,4,105,0.283
mpc_osc0.10,30,850.9,7,56,0.2725
mpc_osc0.10,31,917.4,1,90,0.3225
mpc_osc0.10,32,446.9,5,99,0.2795
mpc_osc0.10,33,906.9,0,98,0.325
mpc_osc0.10,34,837.4,3,100,0.3325
mpc_osc0.10,35,982.2,3,83,0.265
mpc_osc0.10,36,898.6,1,112,0.3025
mpc_osc0.10,37,835.2,1,101,0.247
mpc_osc0.10,38,920.0,3,88,0.2325
mpc_osc0.10,39,705.9,0,114,0.277
mpc_osc0.10,40,1131.1,7,64,0.2325
mpc_osc0.10,41,906.8,3,82,0.257
mpc_osc0.10,42,1032.8,2,101,0.3175
mpc_osc0.10,43,1206.8,2,105,0.274
mpc_osc0.10,44,996.0,2,78,0.2925
mpc_osc0.10,45,948.6,0,113,0.305
mpc_osc0.10,46,556.4,1,94,0.2795
mpc_osc0.10,47,836.7,1,102,0.2925
mpc_osc0.10,48,959.6,2,110,0.3525
